Launching lib/main.dart on iPhone Duo in debug mode...
Running Xcode build...                                          
Xcode build done.                                            5.3s
[IMPORTANT:flutter/shell/platform/darwin/graphics/FlutterDarwinContextMetalImpeller.mm(45)] Using the Impeller rendering backend (Metal).
Plugin FoldablePlugin uses deprecated application lifecycle events. Please contact plugin maintainers and request UIScene lifecycle support. This will be required in a future version of Flutter. See https://docs.flutter.dev/release/breaking-changes/uiscenedelegate#migration-guide-for-flutter-plugins
flutter: [DUO_PROBE] commandFile /Users/rcjuancarlosuwu/Library/Developer/CoreSimulator/Devices/AA16FBB4-F351-4AD9-BBF5-45562B10CFDD/data/Containers/Data/Application/7EC74E8E-8685-4211-9C1D-A84AE6572C97/tmp/duo_probe_command
flutter: [DUO_PROBE] App.initState at 2026-09-21T11:49:47.319230
flutter: [DUO_PROBE] snapshot {"condition":"","rootBuilds":1,"size":{"width":466.0,"height":678.0},"devicePixelRatio":3.0,"physicalPixels":{"width":1398.0,"height":2034.0},"padding":{"left":0.0,"top":0.0,"right":84.0,"bottom":34.0},"paddingAsymmetric":true,"viewInsets":{"left":0.0,"top":0.0,"right":0.0,"bottom":0.0},"viewPadding":{"left":0.0,"top":0.0,"right":84.0,"bottom":34.0},"displayFeatures":[],"orientation":"portrait","textScalerScaleOf14":14.0,"platformBrightness":"light","rootConstraints":{"minWidth":466.0,"maxWidth":466.0,"minHeight":678.0,"maxHeight":678.0},"lifecycle":{"state":"none","at":"-"},"portraitLocked":false}
Syncing files to device iPhone Duo...                           
flutter: [DUO_PROBE] StatePage.initState instance=1 at 2026-09-21T11:49:47.661958
Syncing files to device iPhone Duo...                              147ms

Flutter run key commands.
r Hot reload. 🔥🔥🔥
R Hot restart.
h List all available interactive commands.
d Detach (terminate "flutter run" but leave application running).
c Clear the screen
q Quit (terminate the application on the device).

A Dart VM Service on iPhone Duo is available at: http://127.0.0.1:56267/3W4BqviIOks=/
The Flutter DevTools debugger and profiler on iPhone Duo is available at: http://127.0.0.1:56267/3W4BqviIOks=/devtools/?uri=ws://127.0.0.1:56267/3W4BqviIOks=/ws
flutter: [DUO_PROBE] didChangeMetrics at 2026-09-21T11:49:48.306451
flutter: [DUO_PROBE] didChangeMetrics at 2026-09-21T11:49:49.848105
-[WFIsolatedShortcutRunner init] Taking sandbox extensions for execution
-[WFIsolatedShortcutRunner init]_block_invoke Sandbox extensions acquired
Indexing for request: <WFToolKitIndexingRequest: 0x103c500c0>, changeset: .partial(updatedCount: 1 removedCount: 0 updated: ["com.example.duoProbe"], removed: [], provenance: [VoiceShortcutClient.ToolKitIndexingReason.Changeset.Provenance.launchServicesSnapshot(<LaunchServicesSnapshot uuid=20459EB1-247A-49B0-B4EB-857B47688135, v=732)> ["com.apple.mobilesafari", "com.apple.mobiletimer.AlarmIntentsExtension", "com.apple.AppleAccountIntents", "com.apple.AppSSOUIService", "com.apple.DocumentsApp.DocumentAppIntents", "com.apple.GuestUserHandoverSetup", "com.apple.contacts.ContactsAppIntentsExtension", "com.apple.ContactsUI.Carousel", "com.apple.Passwords.PasswordManagerAppIntentsExtension", "com.apple.BusinessChatViewService", "com.apple.AppDistributionLaunchAngel", "com.apple.LoginUI", "com.apple.feedback.remote", "com.apple.Spotlight", "com.apple.Posters.WeatherPosterApp", "com.apple.PhotosViewService", "com.apple.FontServices.FontIntents", "com.apple.AppleCashStickerPackHost", "com.apple.PASViewService", "com.apple.BusinessAction<…>, priority: <decode: missing data>
Type indexing (params + content items) took 0.001842s
Action indexing took 0.001119s
Indexed: 0
Errored: 0
Skipped: [:]
Bundle cache: 0 hits, 0 misses
Finished in 0.696816s
-[WFIsolatedShortcutRunner unaliveProcess] Releasing sandbox extensions
Failed to handle route information in Flutter.
Failed to handle route information in Flutter.

══╡ EXCEPTION CAUGHT BY WIDGETS LIBRARY ╞═══════════════════════════════════════════════════════════
The following assertion was thrown while dispatching notifications for
WidgetsBindingObserver.didPushRouteInformation:
Could not find a generator for route RouteSettings("/tab/2", null) in the _WidgetsAppState.
Make sure your root app widget has provided a way to generate
this route.
Generators for routes are searched for in the following order:
 1. For the "/" route, the "home" property, if non-null, is used.
 2. Otherwise, the "routes" table is used, if it has an entry for the route.
 3. Otherwise, onGenerateRoute is called. It should return a non-null value for any valid route not
handled by "home" and "routes".
 4. Finally if all else fails onUnknownRoute is called.
Unfortunately, onUnknownRoute was not set.

When the exception was thrown, this was the stack:
#0      _WidgetsAppState._onUnknownRoute.<anonymous closure> (package:flutter/src/widgets/app.dart:1574:9)
#1      _WidgetsAppState._onUnknownRoute (package:flutter/src/widgets/app.dart:1589:6)
#2      NavigatorState._routeNamed (package:flutter/src/widgets/navigator.dart:4728:37)
#3      NavigatorState.pushNamed (package:flutter/src/widgets/navigator.dart:4776:21)
#4      _WidgetsAppState.didPushRouteInformation (package:flutter/src/widgets/app.dart:1636:15)
#5      WidgetsBinding._handlePushRouteInformation (package:flutter/src/widgets/binding.dart:1286:28)
<asynchronous suspension>
#6      MethodChannel._handleAsMethodCall (package:flutter/src/services/platform_channel.dart:607:42)
<asynchronous suspension>
#7      _DefaultBinaryMessenger.setMessageHandler.<anonymous closure> (package:flutter/src/services/binding.dart:664:22)
<asynchronous suspension>
════════════════════════════════════════════════════════════════════════════════════════════════════

Another exception was thrown: Could not find a generator for route RouteSettings("/condition/deeplink-smoke", null) in the _WidgetsAppState.
Failed to handle route information in Flutter.
Another exception was thrown: Could not find a generator for route RouteSettings("/tab/3", null) in the _WidgetsAppState.
Another exception was thrown: Could not find a generator for route RouteSettings("/tab/2", null) in the _WidgetsAppState.
Failed to handle route information in Flutter.
flutter: [DUO_PROBE] lifecycle=resumed at 2026-09-21T11:51:16.865220
flutter: [DUO_PROBE] snapshot {"condition":"","rootBuilds":2,"size":{"width":466.0,"height":678.0},"devicePixelRatio":3.0,"physicalPixels":{"width":1398.0,"height":2034.0},"padding":{"left":0.0,"top":0.0,"right":84.0,"bottom":34.0},"paddingAsymmetric":true,"viewInsets":{"left":0.0,"top":0.0,"right":0.0,"bottom":0.0},"viewPadding":{"left":0.0,"top":0.0,"right":84.0,"bottom":34.0},"displayFeatures":[],"orientation":"portrait","textScalerScaleOf14":14.0,"platformBrightness":"light","rootConstraints":{"minWidth":466.0,"maxWidth":466.0,"minHeight":678.0,"maxHeight":678.0},"lifecycle":{"state":"resumed","at":"2026-09-21T11:51:16.865220"},"portraitLocked":false}
flutter: [DUO_PROBE] didChangeMetrics at 2026-09-21T11:51:29.892308
flutter: [DUO_PROBE] didChangeMetrics at 2026-09-21T11:51:29.896076
flutter: [DUO_PROBE] didChangeMetrics at 2026-09-21T11:51:30.026263
flutter: [DUO_PROBE] didChangeMetrics at 2026-09-21T11:51:30.039337
flutter: [DUO_PROBE] didChangeMetrics at 2026-09-21T11:51:30.040991
flutter: [DUO_PROBE] snapshot {"condition":"","rootBuilds":2,"size":{"width":951.0,"height":669.0},"devicePixelRatio":3.0,"physicalPixels":{"width":2853.0,"height":2007.0},"padding":{"left":0.0,"top":0.0,"right":84.0,"bottom":34.0},"paddingAsymmetric":true,"viewInsets":{"left":0.0,"top":0.0,"right":0.0,"bottom":0.0},"viewPadding":{"left":0.0,"top":0.0,"right":84.0,"bottom":34.0},"displayFeatures":[],"orientation":"landscape","textScalerScaleOf14":14.0,"platformBrightness":"light","rootConstraints":{"minWidth":951.0,"maxWidth":951.0,"minHeight":669.0,"maxHeight":669.0},"lifecycle":{"state":"resumed","at":"2026-09-21T11:51:16.865220"},"portraitLocked":false}
flutter: [DUO_PROBE] didChangeMetrics at 2026-09-21T11:51:30.157301
flutter: [DUO_PROBE] command orient/free
flutter: [DUO_PROBE] setPreferredOrientations free -> [DeviceOrientation.portraitUp, DeviceOrientation.landscapeLeft, DeviceOrientation.portraitDown, DeviceOrientation.landscapeRight]
flutter: [DUO_PROBE] snapshot {"condition":"","rootBuilds":3,"size":{"width":951.0,"height":669.0},"devicePixelRatio":3.0,"physicalPixels":{"width":2853.0,"height":2007.0},"padding":{"left":0.0,"top":0.0,"right":84.0,"bottom":34.0},"paddingAsymmetric":true,"viewInsets":{"left":0.0,"top":0.0,"right":0.0,"bottom":0.0},"viewPadding":{"left":0.0,"top":0.0,"right":84.0,"bottom":34.0},"displayFeatures":[],"orientation":"landscape","textScalerScaleOf14":14.0,"platformBrightness":"light","rootConstraints":{"minWidth":951.0,"maxWidth":951.0,"minHeight":669.0,"maxHeight":669.0},"lifecycle":{"state":"resumed","at":"2026-09-21T11:51:16.865220"},"portraitLocked":false}
flutter: [DUO_PROBE] command tab/1
flutter: [DUO_PROBE] didChangeMetrics at 2026-09-21T11:51:35.388480
flutter: [DUO_PROBE] command condition/03-inner-open-portrait
flutter: [DUO_PROBE] snapshot {"condition":"03-inner-open-portrait","rootBuilds":4,"size":{"width":951.0,"height":669.0},"devicePixelRatio":3.0,"physicalPixels":{"width":2853.0,"height":2007.0},"padding":{"left":0.0,"top":0.0,"right":84.0,"bottom":34.0},"paddingAsymmetric":true,"viewInsets":{"left":0.0,"top":0.0,"right":0.0,"bottom":0.0},"viewPadding":{"left":0.0,"top":0.0,"right":84.0,"bottom":34.0},"displayFeatures":[],"orientation":"landscape","textScalerScaleOf14":14.0,"platformBrightness":"light","rootConstraints":{"minWidth":951.0,"maxWidth":951.0,"minHeight":669.0,"maxHeight":669.0},"lifecycle":{"state":"resumed","at":"2026-09-21T11:51:16.865220"},"portraitLocked":false}
flutter: [DUO_PROBE] command orient/portrait
flutter: [DUO_PROBE] setPreferredOrientations portrait -> [DeviceOrientation.portraitUp]
Failed to change device orientation: Error Domain=UISceneErrorDomain Code=101 "The current windowing mode does not allow for programmatic changes to interface orientation." UserInfo={NSLocalizedDescription=The current windowing mode does not allow for programmatic changes to interface orientation.}
flutter: [DUO_PROBE] snapshot {"condition":"03-inner-open-portrait","rootBuilds":5,"size":{"width":951.0,"height":669.0},"devicePixelRatio":3.0,"physicalPixels":{"width":2853.0,"height":2007.0},"padding":{"left":0.0,"top":0.0,"right":84.0,"bottom":34.0},"paddingAsymmetric":true,"viewInsets":{"left":0.0,"top":0.0,"right":0.0,"bottom":0.0},"viewPadding":{"left":0.0,"top":0.0,"right":84.0,"bottom":34.0},"displayFeatures":[],"orientation":"landscape","textScalerScaleOf14":14.0,"platformBrightness":"light","rootConstraints":{"minWidth":951.0,"maxWidth":951.0,"minHeight":669.0,"maxHeight":669.0},"lifecycle":{"state":"resumed","at":"2026-09-21T11:51:16.865220"},"portraitLocked":true}
flutter: [DUO_PROBE] command condition/03-inner-open-portrait
flutter: [DUO_PROBE] snapshot {"condition":"03-inner-open-portrait","rootBuilds":6,"size":{"width":951.0,"height":669.0},"devicePixelRatio":3.0,"physicalPixels":{"width":2853.0,"height":2007.0},"padding":{"left":0.0,"top":0.0,"right":84.0,"bottom":34.0},"paddingAsymmetric":true,"viewInsets":{"left":0.0,"top":0.0,"right":0.0,"bottom":0.0},"viewPadding":{"left":0.0,"top":0.0,"right":84.0,"bottom":34.0},"displayFeatures":[],"orientation":"landscape","textScalerScaleOf14":14.0,"platformBrightness":"light","rootConstraints":{"minWidth":951.0,"maxWidth":951.0,"minHeight":669.0,"maxHeight":669.0},"lifecycle":{"state":"resumed","at":"2026-09-21T11:51:16.865220"},"portraitLocked":true}
flutter: [DUO_PROBE] command orient/landscape
Failed to change device orientation: Error Domain=UISceneErrorDomain Code=101 "The current windowing mode does not allow for programmatic changes to interface orientation." UserInfo={NSLocalizedDescription=The current windowing mode does not allow for programmatic changes to interface orientation.}
flutter: [DUO_PROBE] setPreferredOrientations landscape -> [DeviceOrientation.landscapeLeft, DeviceOrientation.landscapeRight]
flutter: [DUO_PROBE] snapshot {"condition":"03-inner-open-portrait","rootBuilds":7,"size":{"width":951.0,"height":669.0},"devicePixelRatio":3.0,"physicalPixels":{"width":2853.0,"height":2007.0},"padding":{"left":0.0,"top":0.0,"right":84.0,"bottom":34.0},"paddingAsymmetric":true,"viewInsets":{"left":0.0,"top":0.0,"right":0.0,"bottom":0.0},"viewPadding":{"left":0.0,"top":0.0,"right":84.0,"bottom":34.0},"displayFeatures":[],"orientation":"landscape","textScalerScaleOf14":14.0,"platformBrightness":"light","rootConstraints":{"minWidth":951.0,"maxWidth":951.0,"minHeight":669.0,"maxHeight":669.0},"lifecycle":{"state":"resumed","at":"2026-09-21T11:51:16.865220"},"portraitLocked":false}
flutter: [DUO_PROBE] command condition/04-inner-open-landscape
flutter: [DUO_PROBE] snapshot {"condition":"04-inner-open-landscape","rootBuilds":8,"size":{"width":951.0,"height":669.0},"devicePixelRatio":3.0,"physicalPixels":{"width":2853.0,"height":2007.0},"padding":{"left":0.0,"top":0.0,"right":84.0,"bottom":34.0},"paddingAsymmetric":true,"viewInsets":{"left":0.0,"top":0.0,"right":0.0,"bottom":0.0},"viewPadding":{"left":0.0,"top":0.0,"right":84.0,"bottom":34.0},"displayFeatures":[],"orientation":"landscape","textScalerScaleOf14":14.0,"platformBrightness":"light","rootConstraints":{"minWidth":951.0,"maxWidth":951.0,"minHeight":669.0,"maxHeight":669.0},"lifecycle":{"state":"resumed","at":"2026-09-21T11:51:16.865220"},"portraitLocked":false}
flutter: [DUO_PROBE] command orient/free
flutter: [DUO_PROBE] setPreferredOrientations free -> [DeviceOrientation.portraitUp, DeviceOrientation.landscapeLeft, DeviceOrientation.portraitDown, DeviceOrientation.landscapeRight]
Failed to change device orientation: Error Domain=UISceneErrorDomain Code=101 "The current windowing mode does not allow for programmatic changes to interface orientation." UserInfo={NSLocalizedDescription=The current windowing mode does not allow for programmatic changes to interface orientation.}
flutter: [DUO_PROBE] snapshot {"condition":"04-inner-open-landscape","rootBuilds":9,"size":{"width":951.0,"height":669.0},"devicePixelRatio":3.0,"physicalPixels":{"width":2853.0,"height":2007.0},"padding":{"left":0.0,"top":0.0,"right":84.0,"bottom":34.0},"paddingAsymmetric":true,"viewInsets":{"left":0.0,"top":0.0,"right":0.0,"bottom":0.0},"viewPadding":{"left":0.0,"top":0.0,"right":84.0,"bottom":34.0},"displayFeatures":[],"orientation":"landscape","textScalerScaleOf14":14.0,"platformBrightness":"light","rootConstraints":{"minWidth":951.0,"maxWidth":951.0,"minHeight":669.0,"maxHeight":669.0},"lifecycle":{"state":"resumed","at":"2026-09-21T11:51:16.865220"},"portraitLocked":false}
flutter: [DUO_PROBE] command condition/09-inner-keyboard
flutter: [DUO_PROBE] snapshot {"condition":"09-inner-keyboard","rootBuilds":10,"size":{"width":951.0,"height":669.0},"devicePixelRatio":3.0,"physicalPixels":{"width":2853.0,"height":2007.0},"padding":{"left":0.0,"top":0.0,"right":84.0,"bottom":34.0},"paddingAsymmetric":true,"viewInsets":{"left":0.0,"top":0.0,"right":0.0,"bottom":0.0},"viewPadding":{"left":0.0,"top":0.0,"right":84.0,"bottom":34.0},"displayFeatures":[],"orientation":"landscape","textScalerScaleOf14":14.0,"platformBrightness":"light","rootConstraints":{"minWidth":951.0,"maxWidth":951.0,"minHeight":669.0,"maxHeight":669.0},"lifecycle":{"state":"resumed","at":"2026-09-21T11:51:16.865220"},"portraitLocked":false}
flutter: [DUO_PROBE] command keyboard
flutter: [DUO_PROBE] command dismiss
flutter: [DUO_PROBE] command condition/10-inner-dialog
flutter: [DUO_PROBE] snapshot {"condition":"10-inner-dialog","rootBuilds":11,"size":{"width":951.0,"height":669.0},"devicePixelRatio":3.0,"physicalPixels":{"width":2853.0,"height":2007.0},"padding":{"left":0.0,"top":0.0,"right":84.0,"bottom":34.0},"paddingAsymmetric":true,"viewInsets":{"left":0.0,"top":0.0,"right":0.0,"bottom":0.0},"viewPadding":{"left":0.0,"top":0.0,"right":84.0,"bottom":34.0},"displayFeatures":[],"orientation":"landscape","textScalerScaleOf14":14.0,"platformBrightness":"light","rootConstraints":{"minWidth":951.0,"maxWidth":951.0,"minHeight":669.0,"maxHeight":669.0},"lifecycle":{"state":"resumed","at":"2026-09-21T11:51:16.865220"},"portraitLocked":false}
flutter: [DUO_PROBE] didChangeMetrics at 2026-09-21T11:52:40.524630
flutter: [DUO_PROBE] didChangeMetrics at 2026-09-21T11:52:40.752044
flutter: [DUO_PROBE] didChangeMetrics at 2026-09-21T11:52:40.926492
flutter: [DUO_PROBE] didChangeMetrics at 2026-09-21T11:52:40.971650
flutter: [DUO_PROBE] snapshot {"condition":"10-inner-dialog","rootBuilds":11,"size":{"width":951.0,"height":669.0},"devicePixelRatio":3.0,"physicalPixels":{"width":2853.0,"height":2007.0},"padding":{"left":0.0,"top":0.0,"right":84.0,"bottom":0.0},"paddingAsymmetric":true,"viewInsets":{"left":0.0,"top":0.0,"right":0.0,"bottom":264.0},"viewPadding":{"left":0.0,"top":0.0,"right":84.0,"bottom":34.0},"displayFeatures":[],"orientation":"landscape","textScalerScaleOf14":14.0,"platformBrightness":"light","rootConstraints":{"minWidth":951.0,"maxWidth":951.0,"minHeight":669.0,"maxHeight":669.0},"lifecycle":{"state":"resumed","at":"2026-09-21T11:51:16.865220"},"portraitLocked":false}
flutter: [DUO_PROBE] didChangeMetrics at 2026-09-21T11:52:41.073022
flutter: [DUO_PROBE] command dialog
flutter: [DUO_PROBE] dialogContent maxWidth=739.0 screenWidth=951.0 ratio=0.777
flutter: [DUO_PROBE] didChangeMetrics at 2026-09-21T11:52:41.796973
flutter: [DUO_PROBE] didChangeMetrics at 2026-09-21T11:52:41.844448
flutter: [DUO_PROBE] didChangeMetrics at 2026-09-21T11:52:41.849503
flutter: [DUO_PROBE] snapshot {"condition":"10-inner-dialog","rootBuilds":11,"size":{"width":951.0,"height":669.0},"devicePixelRatio":3.0,"physicalPixels":{"width":2853.0,"height":2007.0},"padding":{"left":0.0,"top":0.0,"right":84.0,"bottom":0.0},"paddingAsymmetric":true,"viewInsets":{"left":0.0,"top":0.0,"right":0.0,"bottom":194.90329751330032},"viewPadding":{"left":0.0,"top":0.0,"right":84.0,"bottom":34.0},"displayFeatures":[],"orientation":"landscape","textScalerScaleOf14":14.0,"platformBrightness":"light","rootConstraints":{"minWidth":951.0,"maxWidth":951.0,"minHeight":669.0,"maxHeight":669.0},"lifecycle":{"state":"resumed","at":"2026-09-21T11:51:16.865220"},"portraitLocked":false}
flutter: [DUO_PROBE] didChangeMetrics at 2026-09-21T11:52:41.898815
flutter: [DUO_PROBE] snapshot {"condition":"10-inner-dialog","rootBuilds":11,"size":{"width":951.0,"height":669.0},"devicePixelRatio":3.0,"physicalPixels":{"width":2853.0,"height":2007.0},"padding":{"left":0.0,"top":0.0,"right":84.0,"bottom":0.0},"paddingAsymmetric":true,"viewInsets":{"left":0.0,"top":0.0,"right":0.0,"bottom":95.05931753316314},"viewPadding":{"left":0.0,"top":0.0,"right":84.0,"bottom":34.0},"displayFeatures":[],"orientation":"landscape","textScalerScaleOf14":14.0,"platformBrightness":"light","rootConstraints":{"minWidth":951.0,"maxWidth":951.0,"minHeight":669.0,"maxHeight":669.0},"lifecycle":{"state":"resumed","at":"2026-09-21T11:51:16.865220"},"portraitLocked":false}
flutter: [DUO_PROBE] dialogContent maxWidth=739.0 screenWidth=951.0 ratio=0.777
flutter: [DUO_PROBE] didChangeMetrics at 2026-09-21T11:52:41.948824
flutter: [DUO_PROBE] snapshot {"condition":"10-inner-dialog","rootBuilds":11,"size":{"width":951.0,"height":669.0},"devicePixelRatio":3.0,"physicalPixels":{"width":2853.0,"height":2007.0},"padding":{"left":0.0,"top":0.0,"right":84.0,"bottom":0.0},"paddingAsymmetric":true,"viewInsets":{"left":0.0,"top":0.0,"right":0.0,"bottom":45.89876538180337},"viewPadding":{"left":0.0,"top":0.0,"right":84.0,"bottom":34.0},"displayFeatures":[],"orientation":"landscape","textScalerScaleOf14":14.0,"platformBrightness":"light","rootConstraints":{"minWidth":951.0,"maxWidth":951.0,"minHeight":669.0,"maxHeight":669.0},"lifecycle":{"state":"resumed","at":"2026-09-21T11:51:16.865220"},"portraitLocked":false}
flutter: [DUO_PROBE] dialogContent maxWidth=739.0 screenWidth=951.0 ratio=0.777
flutter: [DUO_PROBE] didChangeMetrics at 2026-09-21T11:52:41.982180
flutter: [DUO_PROBE] dialogContent maxWidth=739.0 screenWidth=951.0 ratio=0.777
flutter: [DUO_PROBE] snapshot {"condition":"10-inner-dialog","rootBuilds":11,"size":{"width":951.0,"height":669.0},"devicePixelRatio":3.0,"physicalPixels":{"width":2853.0,"height":2007.0},"padding":{"left":0.0,"top":0.0,"right":84.0,"bottom":12.433773481258385},"paddingAsymmetric":true,"viewInsets":{"left":0.0,"top":0.0,"right":0.0,"bottom":21.566226518741615},"viewPadding":{"left":0.0,"top":0.0,"right":84.0,"bottom":34.0},"displayFeatures":[],"orientation":"landscape","textScalerScaleOf14":14.0,"platformBrightness":"light","rootConstraints":{"minWidth":951.0,"maxWidth":951.0,"minHeight":669.0,"maxHeight":669.0},"lifecycle":{"state":"resumed","at":"2026-09-21T11:51:16.865220"},"portraitLocked":false}
flutter: [DUO_PROBE] didChangeMetrics at 2026-09-21T11:52:42.032345
flutter: [DUO_PROBE] dialogContent maxWidth=739.0 screenWidth=951.0 ratio=0.777
flutter: [DUO_PROBE] snapshot {"condition":"10-inner-dialog","rootBuilds":11,"size":{"width":951.0,"height":669.0},"devicePixelRatio":3.0,"physicalPixels":{"width":2853.0,"height":2007.0},"padding":{"left":0.0,"top":0.0,"right":84.0,"bottom":23.359935480722537},"paddingAsymmetric":true,"viewInsets":{"left":0.0,"top":0.0,"right":0.0,"bottom":10.640064519277463},"viewPadding":{"left":0.0,"top":0.0,"right":84.0,"bottom":34.0},"displayFeatures":[],"orientation":"landscape","textScalerScaleOf14":14.0,"platformBrightness":"light","rootConstraints":{"minWidth":951.0,"maxWidth":951.0,"minHeight":669.0,"maxHeight":669.0},"lifecycle":{"state":"resumed","at":"2026-09-21T11:51:16.865220"},"portraitLocked":false}
flutter: [DUO_PROBE] didChangeMetrics at 2026-09-21T11:52:42.082411
flutter: [DUO_PROBE] dialogContent maxWidth=739.0 screenWidth=951.0 ratio=0.777
flutter: [DUO_PROBE] snapshot {"condition":"10-inner-dialog","rootBuilds":11,"size":{"width":951.0,"height":669.0},"devicePixelRatio":3.0,"physicalPixels":{"width":2853.0,"height":2007.0},"padding":{"left":0.0,"top":0.0,"right":84.0,"bottom":30.11411536057912},"paddingAsymmetric":true,"viewInsets":{"left":0.0,"top":0.0,"right":0.0,"bottom":3.8858846394208784},"viewPadding":{"left":0.0,"top":0.0,"right":84.0,"bottom":34.0},"displayFeatures":[],"orientation":"landscape","textScalerScaleOf14":14.0,"platformBrightness":"light","rootConstraints":{"minWidth":951.0,"maxWidth":951.0,"minHeight":669.0,"maxHeight":669.0},"lifecycle":{"state":"resumed","at":"2026-09-21T11:51:16.865220"},"portraitLocked":false}
flutter: [DUO_PROBE] didChangeMetrics at 2026-09-21T11:52:42.132149
flutter: [DUO_PROBE] dialogContent maxWidth=739.0 screenWidth=951.0 ratio=0.777
flutter: [DUO_PROBE] snapshot {"condition":"10-inner-dialog","rootBuilds":11,"size":{"width":951.0,"height":669.0},"devicePixelRatio":3.0,"physicalPixels":{"width":2853.0,"height":2007.0},"padding":{"left":0.0,"top":0.0,"right":84.0,"bottom":32.62883587407241},"paddingAsymmetric":true,"viewInsets":{"left":0.0,"top":0.0,"right":0.0,"bottom":1.3711641259275913},"viewPadding":{"left":0.0,"top":0.0,"right":84.0,"bottom":34.0},"displayFeatures":[],"orientation":"landscape","textScalerScaleOf14":14.0,"platformBrightness":"light","rootConstraints":{"minWidth":951.0,"maxWidth":951.0,"minHeight":669.0,"maxHeight":669.0},"lifecycle":{"state":"resumed","at":"2026-09-21T11:51:16.865220"},"portraitLocked":false}
flutter: [DUO_PROBE] didChangeMetrics at 2026-09-21T11:52:42.182899
flutter: [DUO_PROBE] dialogContent maxWidth=739.0 screenWidth=951.0 ratio=0.777
flutter: [DUO_PROBE] snapshot {"condition":"10-inner-dialog","rootBuilds":11,"size":{"width":951.0,"height":669.0},"devicePixelRatio":3.0,"physicalPixels":{"width":2853.0,"height":2007.0},"padding":{"left":0.0,"top":0.0,"right":84.0,"bottom":33.619030426604404},"paddingAsymmetric":true,"viewInsets":{"left":0.0,"top":0.0,"right":0.0,"bottom":0.3809695733955986},"viewPadding":{"left":0.0,"top":0.0,"right":84.0,"bottom":34.0},"displayFeatures":[],"orientation":"landscape","textScalerScaleOf14":14.0,"platformBrightness":"light","rootConstraints":{"minWidth":951.0,"maxWidth":951.0,"minHeight":669.0,"maxHeight":669.0},"lifecycle":{"state":"resumed","at":"2026-09-21T11:51:16.865220"},"portraitLocked":false}
flutter: [DUO_PROBE] didChangeMetrics at 2026-09-21T11:52:42.215452
flutter: [DUO_PROBE] dialogContent maxWidth=739.0 screenWidth=951.0 ratio=0.777
flutter: [DUO_PROBE] snapshot {"condition":"10-inner-dialog","rootBuilds":11,"size":{"width":951.0,"height":669.0},"devicePixelRatio":3.0,"physicalPixels":{"width":2853.0,"height":2007.0},"padding":{"left":0.0,"top":0.0,"right":84.0,"bottom":33.81711741746171},"paddingAsymmetric":true,"viewInsets":{"left":0.0,"top":0.0,"right":0.0,"bottom":0.18288258253828968},"viewPadding":{"left":0.0,"top":0.0,"right":84.0,"bottom":34.0},"displayFeatures":[],"orientation":"landscape","textScalerScaleOf14":14.0,"platformBrightness":"light","rootConstraints":{"minWidth":951.0,"maxWidth":951.0,"minHeight":669.0,"maxHeight":669.0},"lifecycle":{"state":"resumed","at":"2026-09-21T11:51:16.865220"},"portraitLocked":false}
flutter: [DUO_PROBE] didChangeMetrics at 2026-09-21T11:52:42.243778
flutter: [DUO_PROBE] didChangeMetrics at 2026-09-21T11:52:42.262749
flutter: [DUO_PROBE] dialogContent maxWidth=739.0 screenWidth=951.0 ratio=0.777
flutter: [DUO_PROBE] snapshot {"condition":"10-inner-dialog","rootBuilds":11,"size":{"width":951.0,"height":669.0},"devicePixelRatio":3.0,"physicalPixels":{"width":2853.0,"height":2007.0},"padding":{"left":0.0,"top":0.0,"right":84.0,"bottom":34.0},"paddingAsymmetric":true,"viewInsets":{"left":0.0,"top":0.0,"right":0.0,"bottom":0.0},"viewPadding":{"left":0.0,"top":0.0,"right":84.0,"bottom":34.0},"displayFeatures":[],"orientation":"landscape","textScalerScaleOf14":14.0,"platformBrightness":"light","rootConstraints":{"minWidth":951.0,"maxWidth":951.0,"minHeight":669.0,"maxHeight":669.0},"lifecycle":{"state":"resumed","at":"2026-09-21T11:51:16.865220"},"portraitLocked":false}
flutter: [DUO_PROBE] dialogContent maxWidth=739.0 screenWidth=951.0 ratio=0.777
flutter: [DUO_PROBE] dialogContent maxWidth=739.0 screenWidth=951.0 ratio=0.777
flutter: [DUO_PROBE] dialogContent maxWidth=739.0 screenWidth=951.0 ratio=0.777
flutter: [DUO_PROBE] dialogContent maxWidth=739.0 screenWidth=951.0 ratio=0.777
flutter: [DUO_PROBE] command dismiss
flutter: [DUO_PROBE] didChangeMetrics at 2026-09-21T11:52:48.175016
flutter: [DUO_PROBE] didChangeMetrics at 2026-09-21T11:52:48.278988
flutter: [DUO_PROBE] didChangeMetrics at 2026-09-21T11:52:48.315387
flutter: [DUO_PROBE] dialogContent maxWidth=739.0 screenWidth=951.0 ratio=0.777
flutter: [DUO_PROBE] snapshot {"condition":"10-inner-dialog","rootBuilds":11,"size":{"width":951.0,"height":669.0},"devicePixelRatio":3.0,"physicalPixels":{"width":2853.0,"height":2007.0},"padding":{"left":0.0,"top":0.0,"right":84.0,"bottom":0.0},"paddingAsymmetric":true,"viewInsets":{"left":0.0,"top":0.0,"right":0.0,"bottom":130.68540527082726},"viewPadding":{"left":0.0,"top":0.0,"right":84.0,"bottom":34.0},"displayFeatures":[],"orientation":"landscape","textScalerScaleOf14":14.0,"platformBrightness":"light","rootConstraints":{"minWidth":951.0,"maxWidth":951.0,"minHeight":669.0,"maxHeight":669.0},"lifecycle":{"state":"resumed","at":"2026-09-21T11:51:16.865220"},"portraitLocked":false}
flutter: [DUO_PROBE] didChangeMetrics at 2026-09-21T11:52:48.349563
flutter: [DUO_PROBE] snapshot {"condition":"10-inner-dialog","rootBuilds":11,"size":{"width":951.0,"height":669.0},"devicePixelRatio":3.0,"physicalPixels":{"width":2853.0,"height":2007.0},"padding":{"left":0.0,"top":0.0,"right":84.0,"bottom":0.0},"paddingAsymmetric":true,"viewInsets":{"left":0.0,"top":0.0,"right":0.0,"bottom":204.6374921353379},"viewPadding":{"left":0.0,"top":0.0,"right":84.0,"bottom":34.0},"displayFeatures":[],"orientation":"landscape","textScalerScaleOf14":14.0,"platformBrightness":"light","rootConstraints":{"minWidth":951.0,"maxWidth":951.0,"minHeight":669.0,"maxHeight":669.0},"lifecycle":{"state":"resumed","at":"2026-09-21T11:51:16.865220"},"portraitLocked":false}
flutter: [DUO_PROBE] didChangeMetrics at 2026-09-21T11:52:48.402992
flutter: [DUO_PROBE] didChangeMetrics at 2026-09-21T11:52:48.415735
flutter: [DUO_PROBE] snapshot {"condition":"10-inner-dialog","rootBuilds":11,"size":{"width":951.0,"height":669.0},"devicePixelRatio":3.0,"physicalPixels":{"width":2853.0,"height":2007.0},"padding":{"left":0.0,"top":0.0,"right":84.0,"bottom":0.0},"paddingAsymmetric":true,"viewInsets":{"left":0.0,"top":0.0,"right":0.0,"bottom":242.84832092417648},"viewPadding":{"left":0.0,"top":0.0,"right":84.0,"bottom":34.0},"displayFeatures":[],"orientation":"landscape","textScalerScaleOf14":14.0,"platformBrightness":"light","rootConstraints":{"minWidth":951.0,"maxWidth":951.0,"minHeight":669.0,"maxHeight":669.0},"lifecycle":{"state":"resumed","at":"2026-09-21T11:51:16.865220"},"portraitLocked":false}
flutter: [DUO_PROBE] didChangeMetrics at 2026-09-21T11:52:48.453269
flutter: [DUO_PROBE] didChangeMetrics at 2026-09-21T11:52:48.465692
flutter: [DUO_PROBE] snapshot {"condition":"10-inner-dialog","rootBuilds":11,"size":{"width":951.0,"height":669.0},"devicePixelRatio":3.0,"physicalPixels":{"width":2853.0,"height":2007.0},"padding":{"left":0.0,"top":0.0,"right":84.0,"bottom":0.0},"paddingAsymmetric":true,"viewInsets":{"left":0.0,"top":0.0,"right":0.0,"bottom":256.1195482922238},"viewPadding":{"left":0.0,"top":0.0,"right":84.0,"bottom":34.0},"displayFeatures":[],"orientation":"landscape","textScalerScaleOf14":14.0,"platformBrightness":"light","rootConstraints":{"minWidth":951.0,"maxWidth":951.0,"minHeight":669.0,"maxHeight":669.0},"lifecycle":{"state":"resumed","at":"2026-09-21T11:51:16.865220"},"portraitLocked":false}
flutter: [DUO_PROBE] didChangeMetrics at 2026-09-21T11:52:48.482275
flutter: [DUO_PROBE] didChangeMetrics at 2026-09-21T11:52:48.498641
flutter: [DUO_PROBE] snapshot {"condition":"10-inner-dialog","rootBuilds":11,"size":{"width":951.0,"height":669.0},"devicePixelRatio":3.0,"physicalPixels":{"width":2853.0,"height":2007.0},"padding":{"left":0.0,"top":0.0,"right":84.0,"bottom":0.0},"paddingAsymmetric":true,"viewInsets":{"left":0.0,"top":0.0,"right":0.0,"bottom":259.34668372291475},"viewPadding":{"left":0.0,"top":0.0,"right":84.0,"bottom":34.0},"displayFeatures":[],"orientation":"landscape","textScalerScaleOf14":14.0,"platformBrightness":"light","rootConstraints":{"minWidth":951.0,"maxWidth":951.0,"minHeight":669.0,"maxHeight":669.0},"lifecycle":{"state":"resumed","at":"2026-09-21T11:51:16.865220"},"portraitLocked":false}
flutter: [DUO_PROBE] didChangeMetrics at 2026-09-21T11:52:48.522155
flutter: [DUO_PROBE] didChangeMetrics at 2026-09-21T11:52:48.532377
flutter: [DUO_PROBE] snapshot {"condition":"10-inner-dialog","rootBuilds":11,"size":{"width":951.0,"height":669.0},"devicePixelRatio":3.0,"physicalPixels":{"width":2853.0,"height":2007.0},"padding":{"left":0.0,"top":0.0,"right":84.0,"bottom":0.0},"paddingAsymmetric":true,"viewInsets":{"left":0.0,"top":0.0,"right":0.0,"bottom":262.0151718148342},"viewPadding":{"left":0.0,"top":0.0,"right":84.0,"bottom":34.0},"displayFeatures":[],"orientation":"landscape","textScalerScaleOf14":14.0,"platformBrightness":"light","rootConstraints":{"minWidth":951.0,"maxWidth":951.0,"minHeight":669.0,"maxHeight":669.0},"lifecycle":{"state":"resumed","at":"2026-09-21T11:51:16.865220"},"portraitLocked":false}
flutter: [DUO_PROBE] didChangeMetrics at 2026-09-21T11:52:48.548640
flutter: [DUO_PROBE] didChangeMetrics at 2026-09-21T11:52:48.565221
flutter: [DUO_PROBE] snapshot {"condition":"10-inner-dialog","rootBuilds":11,"size":{"width":951.0,"height":669.0},"devicePixelRatio":3.0,"physicalPixels":{"width":2853.0,"height":2007.0},"padding":{"left":0.0,"top":0.0,"right":84.0,"bottom":0.0},"paddingAsymmetric":true,"viewInsets":{"left":0.0,"top":0.0,"right":0.0,"bottom":262.8148266983233},"viewPadding":{"left":0.0,"top":0.0,"right":84.0,"bottom":34.0},"displayFeatures":[],"orientation":"landscape","textScalerScaleOf14":14.0,"platformBrightness":"light","rootConstraints":{"minWidth":951.0,"maxWidth":951.0,"minHeight":669.0,"maxHeight":669.0},"lifecycle":{"state":"resumed","at":"2026-09-21T11:51:16.865220"},"portraitLocked":false}
flutter: [DUO_PROBE] didChangeMetrics at 2026-09-21T11:52:48.581998
flutter: [DUO_PROBE] didChangeMetrics at 2026-09-21T11:52:48.582987
flutter: [DUO_PROBE] snapshot {"condition":"10-inner-dialog","rootBuilds":11,"size":{"width":951.0,"height":669.0},"devicePixelRatio":3.0,"physicalPixels":{"width":2853.0,"height":2007.0},"padding":{"left":0.0,"top":0.0,"right":84.0,"bottom":0.0},"paddingAsymmetric":true,"viewInsets":{"left":0.0,"top":0.0,"right":0.0,"bottom":263.4099580345067},"viewPadding":{"left":0.0,"top":0.0,"right":84.0,"bottom":34.0},"displayFeatures":[],"orientation":"landscape","textScalerScaleOf14":14.0,"platformBrightness":"light","rootConstraints":{"minWidth":951.0,"maxWidth":951.0,"minHeight":669.0,"maxHeight":669.0},"lifecycle":{"state":"resumed","at":"2026-09-21T11:51:16.865220"},"portraitLocked":false}
flutter: [DUO_PROBE] didChangeMetrics at 2026-09-21T11:52:48.598681
flutter: [DUO_PROBE] didChangeMetrics at 2026-09-21T11:52:48.615274
flutter: [DUO_PROBE] snapshot {"condition":"10-inner-dialog","rootBuilds":11,"size":{"width":951.0,"height":669.0},"devicePixelRatio":3.0,"physicalPixels":{"width":2853.0,"height":2007.0},"padding":{"left":0.0,"top":0.0,"right":84.0,"bottom":0.0},"paddingAsymmetric":true,"viewInsets":{"left":0.0,"top":0.0,"right":0.0,"bottom":263.58481087257513},"viewPadding":{"left":0.0,"top":0.0,"right":84.0,"bottom":34.0},"displayFeatures":[],"orientation":"landscape","textScalerScaleOf14":14.0,"platformBrightness":"light","rootConstraints":{"minWidth":951.0,"maxWidth":951.0,"minHeight":669.0,"maxHeight":669.0},"lifecycle":{"state":"resumed","at":"2026-09-21T11:51:16.865220"},"portraitLocked":false}
flutter: [DUO_PROBE] didChangeMetrics at 2026-09-21T11:52:48.638524
flutter: [DUO_PROBE] didChangeMetrics at 2026-09-21T11:52:48.649287
flutter: [DUO_PROBE] snapshot {"condition":"10-inner-dialog","rootBuilds":11,"size":{"width":951.0,"height":669.0},"devicePixelRatio":3.0,"physicalPixels":{"width":2853.0,"height":2007.0},"padding":{"left":0.0,"top":0.0,"right":84.0,"bottom":0.0},"paddingAsymmetric":true,"viewInsets":{"left":0.0,"top":0.0,"right":0.0,"bottom":263.8277657688728},"viewPadding":{"left":0.0,"top":0.0,"right":84.0,"bottom":34.0},"displayFeatures":[],"orientation":"landscape","textScalerScaleOf14":14.0,"platformBrightness":"light","rootConstraints":{"minWidth":951.0,"maxWidth":951.0,"minHeight":669.0,"maxHeight":669.0},"lifecycle":{"state":"resumed","at":"2026-09-21T11:51:16.865220"},"portraitLocked":false}
flutter: [DUO_PROBE] didChangeMetrics at 2026-09-21T11:52:48.667431
flutter: [DUO_PROBE] didChangeMetrics at 2026-09-21T11:52:48.668114
flutter: [DUO_PROBE] didChangeMetrics at 2026-09-21T11:52:48.689273
flutter: [DUO_PROBE] snapshot {"condition":"10-inner-dialog","rootBuilds":11,"size":{"width":951.0,"height":669.0},"devicePixelRatio":3.0,"physicalPixels":{"width":2853.0,"height":2007.0},"padding":{"left":0.0,"top":0.0,"right":84.0,"bottom":0.0},"paddingAsymmetric":true,"viewInsets":{"left":0.0,"top":0.0,"right":0.0,"bottom":264.0},"viewPadding":{"left":0.0,"top":0.0,"right":84.0,"bottom":34.0},"displayFeatures":[],"orientation":"landscape","textScalerScaleOf14":14.0,"platformBrightness":"light","rootConstraints":{"minWidth":951.0,"maxWidth":951.0,"minHeight":669.0,"maxHeight":669.0},"lifecycle":{"state":"resumed","at":"2026-09-21T11:51:16.865220"},"portraitLocked":false}
flutter: [DUO_PROBE] didChangeMetrics at 2026-09-21T11:52:48.713292
flutter: [DUO_PROBE] command condition/11-inner-datepicker
flutter: [DUO_PROBE] snapshot {"condition":"11-inner-datepicker","rootBuilds":12,"size":{"width":951.0,"height":669.0},"devicePixelRatio":3.0,"physicalPixels":{"width":2853.0,"height":2007.0},"padding":{"left":0.0,"top":0.0,"right":84.0,"bottom":0.0},"paddingAsymmetric":true,"viewInsets":{"left":0.0,"top":0.0,"right":0.0,"bottom":264.0},"viewPadding":{"left":0.0,"top":0.0,"right":84.0,"bottom":34.0},"displayFeatures":[],"orientation":"landscape","textScalerScaleOf14":14.0,"platformBrightness":"light","rootConstraints":{"minWidth":951.0,"maxWidth":951.0,"minHeight":669.0,"maxHeight":669.0},"lifecycle":{"state":"resumed","at":"2026-09-21T11:51:16.865220"},"portraitLocked":false}
flutter: [DUO_PROBE] command datepicker
flutter: [DUO_PROBE] didChangeMetrics at 2026-09-21T11:53:44.638699
flutter: [DUO_PROBE] didChangeMetrics at 2026-09-21T11:53:44.787936
flutter: [DUO_PROBE] didChangeMetrics at 2026-09-21T11:53:44.832505
flutter: [DUO_PROBE] snapshot {"condition":"11-inner-datepicker","rootBuilds":12,"size":{"width":951.0,"height":669.0},"devicePixelRatio":3.0,"physicalPixels":{"width":2853.0,"height":2007.0},"padding":{"left":0.0,"top":0.0,"right":84.0,"bottom":0.0},"paddingAsymmetric":true,"viewInsets":{"left":0.0,"top":0.0,"right":0.0,"bottom":135.09454229065713},"viewPadding":{"left":0.0,"top":0.0,"right":84.0,"bottom":34.0},"displayFeatures":[],"orientation":"landscape","textScalerScaleOf14":14.0,"platformBrightness":"light","rootConstraints":{"minWidth":951.0,"maxWidth":951.0,"minHeight":669.0,"maxHeight":669.0},"lifecycle":{"state":"resumed","at":"2026-09-21T11:51:16.865220"},"portraitLocked":false}
flutter: [DUO_PROBE] didChangeMetrics at 2026-09-21T11:53:44.857835
flutter: [DUO_PROBE] didChangeMetrics at 2026-09-21T11:53:44.866077
flutter: [DUO_PROBE] snapshot {"condition":"11-inner-datepicker","rootBuilds":12,"size":{"width":951.0,"height":669.0},"devicePixelRatio":3.0,"physicalPixels":{"width":2853.0,"height":2007.0},"padding":{"left":0.0,"top":0.0,"right":84.0,"bottom":0.0},"paddingAsymmetric":true,"viewInsets":{"left":0.0,"top":0.0,"right":0.0,"bottom":66.30274691062702},"viewPadding":{"left":0.0,"top":0.0,"right":84.0,"bottom":34.0},"displayFeatures":[],"orientation":"landscape","textScalerScaleOf14":14.0,"platformBrightness":"light","rootConstraints":{"minWidth":951.0,"maxWidth":951.0,"minHeight":669.0,"maxHeight":669.0},"lifecycle":{"state":"resumed","at":"2026-09-21T11:51:16.865220"},"portraitLocked":false}
flutter: [DUO_PROBE] didChangeMetrics at 2026-09-21T11:53:44.882273
flutter: [DUO_PROBE] didChangeMetrics at 2026-09-21T11:53:44.898868
flutter: [DUO_PROBE] snapshot {"condition":"11-inner-datepicker","rootBuilds":12,"size":{"width":951.0,"height":669.0},"devicePixelRatio":3.0,"physicalPixels":{"width":2853.0,"height":2007.0},"padding":{"left":0.0,"top":0.0,"right":84.0,"bottom":0.0},"paddingAsymmetric":true,"viewInsets":{"left":0.0,"top":0.0,"right":0.0,"bottom":44.79201169204018},"viewPadding":{"left":0.0,"top":0.0,"right":84.0,"bottom":34.0},"displayFeatures":[],"orientation":"landscape","textScalerScaleOf14":14.0,"platformBrightness":"light","rootConstraints":{"minWidth":951.0,"maxWidth":951.0,"minHeight":669.0,"maxHeight":669.0},"lifecycle":{"state":"resumed","at":"2026-09-21T11:51:16.865220"},"portraitLocked":false}
flutter: [DUO_PROBE] didChangeMetrics at 2026-09-21T11:53:44.916115
flutter: [DUO_PROBE] snapshot {"condition":"11-inner-datepicker","rootBuilds":12,"size":{"width":951.0,"height":669.0},"devicePixelRatio":3.0,"physicalPixels":{"width":2853.0,"height":2007.0},"padding":{"left":0.0,"top":0.0,"right":84.0,"bottom":0.9337652511804843},"paddingAsymmetric":true,"viewInsets":{"left":0.0,"top":0.0,"right":0.0,"bottom":33.06623474881952},"viewPadding":{"left":0.0,"top":0.0,"right":84.0,"bottom":34.0},"displayFeatures":[],"orientation":"landscape","textScalerScaleOf14":14.0,"platformBrightness":"light","rootConstraints":{"minWidth":951.0,"maxWidth":951.0,"minHeight":669.0,"maxHeight":669.0},"lifecycle":{"state":"resumed","at":"2026-09-21T11:51:16.865220"},"portraitLocked":false}
flutter: [DUO_PROBE] didChangeMetrics at 2026-09-21T11:53:44.932316
flutter: [DUO_PROBE] didChangeMetrics at 2026-09-21T11:53:44.933062
flutter: [DUO_PROBE] snapshot {"condition":"11-inner-datepicker","rootBuilds":12,"size":{"width":951.0,"height":669.0},"devicePixelRatio":3.0,"physicalPixels":{"width":2853.0,"height":2007.0},"padding":{"left":0.0,"top":0.0,"right":84.0,"bottom":9.767445632073361},"paddingAsymmetric":true,"viewInsets":{"left":0.0,"top":0.0,"right":0.0,"bottom":24.23255436792664},"viewPadding":{"left":0.0,"top":0.0,"right":84.0,"bottom":34.0},"displayFeatures":[],"orientation":"landscape","textScalerScaleOf14":14.0,"platformBrightness":"light","rootConstraints":{"minWidth":951.0,"maxWidth":951.0,"minHeight":669.0,"maxHeight":669.0},"lifecycle":{"state":"resumed","at":"2026-09-21T11:51:16.865220"},"portraitLocked":false}
flutter: [DUO_PROBE] didChangeMetrics at 2026-09-21T11:53:44.949605
flutter: [DUO_PROBE] snapshot {"condition":"11-inner-datepicker","rootBuilds":12,"size":{"width":951.0,"height":669.0},"devicePixelRatio":3.0,"physicalPixels":{"width":2853.0,"height":2007.0},"padding":{"left":0.0,"top":0.0,"right":84.0,"bottom":16.350843230958233},"paddingAsymmetric":true,"viewInsets":{"left":0.0,"top":0.0,"right":0.0,"bottom":17.649156769041767},"viewPadding":{"left":0.0,"top":0.0,"right":84.0,"bottom":34.0},"displayFeatures":[],"orientation":"landscape","textScalerScaleOf14":14.0,"platformBrightness":"light","rootConstraints":{"minWidth":951.0,"maxWidth":951.0,"minHeight":669.0,"maxHeight":669.0},"lifecycle":{"state":"resumed","at":"2026-09-21T11:51:16.865220"},"portraitLocked":false}
flutter: [DUO_PROBE] didChangeMetrics at 2026-09-21T11:53:44.965664
flutter: [DUO_PROBE] didChangeMetrics at 2026-09-21T11:53:44.966426
flutter: [DUO_PROBE] snapshot {"condition":"11-inner-datepicker","rootBuilds":12,"size":{"width":951.0,"height":669.0},"devicePixelRatio":3.0,"physicalPixels":{"width":2853.0,"height":2007.0},"padding":{"left":0.0,"top":0.0,"right":84.0,"bottom":21.213912722547473},"paddingAsymmetric":true,"viewInsets":{"left":0.0,"top":0.0,"right":0.0,"bottom":12.786087277452529},"viewPadding":{"left":0.0,"top":0.0,"right":84.0,"bottom":34.0},"displayFeatures":[],"orientation":"landscape","textScalerScaleOf14":14.0,"platformBrightness":"light","rootConstraints":{"minWidth":951.0,"maxWidth":951.0,"minHeight":669.0,"maxHeight":669.0},"lifecycle":{"state":"resumed","at":"2026-09-21T11:51:16.865220"},"portraitLocked":false}
flutter: [DUO_PROBE] didChangeMetrics at 2026-09-21T11:53:44.982255
flutter: [DUO_PROBE] didChangeMetrics at 2026-09-21T11:53:44.983030
flutter: [DUO_PROBE] snapshot {"condition":"11-inner-datepicker","rootBuilds":12,"size":{"width":951.0,"height":669.0},"devicePixelRatio":3.0,"physicalPixels":{"width":2853.0,"height":2007.0},"padding":{"left":0.0,"top":0.0,"right":84.0,"bottom":27.377968378053072},"paddingAsymmetric":true,"viewInsets":{"left":0.0,"top":0.0,"right":0.0,"bottom":6.622031621946924},"viewPadding":{"left":0.0,"top":0.0,"right":84.0,"bottom":34.0},"displayFeatures":[],"orientation":"landscape","textScalerScaleOf14":14.0,"platformBrightness":"light","rootConstraints":{"minWidth":951.0,"maxWidth":951.0,"minHeight":669.0,"maxHeight":669.0},"lifecycle":{"state":"resumed","at":"2026-09-21T11:51:16.865220"},"portraitLocked":false}
flutter: [DUO_PROBE] didChangeMetrics at 2026-09-21T11:53:45.003208
flutter: [DUO_PROBE] didChangeMetrics at 2026-09-21T11:53:45.016179
flutter: [DUO_PROBE] snapshot {"condition":"11-inner-datepicker","rootBuilds":12,"size":{"width":951.0,"height":669.0},"devicePixelRatio":3.0,"physicalPixels":{"width":2853.0,"height":2007.0},"padding":{"left":0.0,"top":0.0,"right":84.0,"bottom":29.261037905076474},"paddingAsymmetric":true,"viewInsets":{"left":0.0,"top":0.0,"right":0.0,"bottom":4.7389620949235285},"viewPadding":{"left":0.0,"top":0.0,"right":84.0,"bottom":34.0},"displayFeatures":[],"orientation":"landscape","textScalerScaleOf14":14.0,"platformBrightness":"light","rootConstraints":{"minWidth":951.0,"maxWidth":951.0,"minHeight":669.0,"maxHeight":669.0},"lifecycle":{"state":"resumed","at":"2026-09-21T11:51:16.865220"},"portraitLocked":false}
flutter: [DUO_PROBE] didChangeMetrics at 2026-09-21T11:53:45.032272
flutter: [DUO_PROBE] didChangeMetrics at 2026-09-21T11:53:45.033046
flutter: [DUO_PROBE] snapshot {"condition":"11-inner-datepicker","rootBuilds":12,"size":{"width":951.0,"height":669.0},"devicePixelRatio":3.0,"physicalPixels":{"width":2853.0,"height":2007.0},"padding":{"left":0.0,"top":0.0,"right":84.0,"bottom":31.595313513954423},"paddingAsymmetric":true,"viewInsets":{"left":0.0,"top":0.0,"right":0.0,"bottom":2.4046864860455774},"viewPadding":{"left":0.0,"top":0.0,"right":84.0,"bottom":34.0},"displayFeatures":[],"orientation":"landscape","textScalerScaleOf14":14.0,"platformBrightness":"light","rootConstraints":{"minWidth":951.0,"maxWidth":951.0,"minHeight":669.0,"maxHeight":669.0},"lifecycle":{"state":"resumed","at":"2026-09-21T11:51:16.865220"},"portraitLocked":false}
flutter: [DUO_PROBE] didChangeMetrics at 2026-09-21T11:53:45.049010
flutter: [DUO_PROBE] didChangeMetrics at 2026-09-21T11:53:45.071864
flutter: [DUO_PROBE] snapshot {"condition":"11-inner-datepicker","rootBuilds":12,"size":{"width":951.0,"height":669.0},"devicePixelRatio":3.0,"physicalPixels":{"width":2853.0,"height":2007.0},"padding":{"left":0.0,"top":0.0,"right":84.0,"bottom":32.293884170717654},"paddingAsymmetric":true,"viewInsets":{"left":0.0,"top":0.0,"right":0.0,"bottom":1.7061158292823484},"viewPadding":{"left":0.0,"top":0.0,"right":84.0,"bottom":34.0},"displayFeatures":[],"orientation":"landscape","textScalerScaleOf14":14.0,"platformBrightness":"light","rootConstraints":{"minWidth":951.0,"maxWidth":951.0,"minHeight":669.0,"maxHeight":669.0},"lifecycle":{"state":"resumed","at":"2026-09-21T11:51:16.865220"},"portraitLocked":false}
flutter: [DUO_PROBE] didChangeMetrics at 2026-09-21T11:53:45.082430
flutter: [DUO_PROBE] didChangeMetrics at 2026-09-21T11:53:45.082937
flutter: [DUO_PROBE] didChangeMetrics at 2026-09-21T11:53:45.100053
flutter: [DUO_PROBE] snapshot {"condition":"11-inner-datepicker","rootBuilds":12,"size":{"width":951.0,"height":669.0},"devicePixelRatio":3.0,"physicalPixels":{"width":2853.0,"height":2007.0},"padding":{"left":0.0,"top":0.0,"right":84.0,"bottom":33.14697184648585},"paddingAsymmetric":true,"viewInsets":{"left":0.0,"top":0.0,"right":0.0,"bottom":0.8530281535141516},"viewPadding":{"left":0.0,"top":0.0,"right":84.0,"bottom":34.0},"displayFeatures":[],"orientation":"landscape","textScalerScaleOf14":14.0,"platformBrightness":"light","rootConstraints":{"minWidth":951.0,"maxWidth":951.0,"minHeight":669.0,"maxHeight":669.0},"lifecycle":{"state":"resumed","at":"2026-09-21T11:51:16.865220"},"portraitLocked":false}
flutter: [DUO_PROBE] didChangeMetrics at 2026-09-21T11:53:45.115615
flutter: [DUO_PROBE] didChangeMetrics at 2026-09-21T11:53:45.116313
flutter: [DUO_PROBE] snapshot {"condition":"11-inner-datepicker","rootBuilds":12,"size":{"width":951.0,"height":669.0},"devicePixelRatio":3.0,"physicalPixels":{"width":2853.0,"height":2007.0},"padding":{"left":0.0,"top":0.0,"right":84.0,"bottom":33.57680380229987},"paddingAsymmetric":true,"viewInsets":{"left":0.0,"top":0.0,"right":0.0,"bottom":0.4231961977001308},"viewPadding":{"left":0.0,"top":0.0,"right":84.0,"bottom":34.0},"displayFeatures":[],"orientation":"landscape","textScalerScaleOf14":14.0,"platformBrightness":"light","rootConstraints":{"minWidth":951.0,"maxWidth":951.0,"minHeight":669.0,"maxHeight":669.0},"lifecycle":{"state":"resumed","at":"2026-09-21T11:51:16.865220"},"portraitLocked":false}
flutter: [DUO_PROBE] didChangeMetrics at 2026-09-21T11:53:45.132335
flutter: [DUO_PROBE] didChangeMetrics at 2026-09-21T11:53:45.149008
flutter: [DUO_PROBE] snapshot {"condition":"11-inner-datepicker","rootBuilds":12,"size":{"width":951.0,"height":669.0},"devicePixelRatio":3.0,"physicalPixels":{"width":2853.0,"height":2007.0},"padding":{"left":0.0,"top":0.0,"right":84.0,"bottom":33.702673253786394},"paddingAsymmetric":true,"viewInsets":{"left":0.0,"top":0.0,"right":0.0,"bottom":0.2973267462136043},"viewPadding":{"left":0.0,"top":0.0,"right":84.0,"bottom":34.0},"displayFeatures":[],"orientation":"landscape","textScalerScaleOf14":14.0,"platformBrightness":"light","rootConstraints":{"minWidth":951.0,"maxWidth":951.0,"minHeight":669.0,"maxHeight":669.0},"lifecycle":{"state":"resumed","at":"2026-09-21T11:51:16.865220"},"portraitLocked":false}
flutter: [DUO_PROBE] didChangeMetrics at 2026-09-21T11:53:45.165634
flutter: [DUO_PROBE] didChangeMetrics at 2026-09-21T11:53:45.166420
flutter: [DUO_PROBE] snapshot {"condition":"11-inner-datepicker","rootBuilds":12,"size":{"width":951.0,"height":669.0},"devicePixelRatio":3.0,"physicalPixels":{"width":2853.0,"height":2007.0},"padding":{"left":0.0,"top":0.0,"right":84.0,"bottom":33.853884373586695},"paddingAsymmetric":true,"viewInsets":{"left":0.0,"top":0.0,"right":0.0,"bottom":0.1461156264133052},"viewPadding":{"left":0.0,"top":0.0,"right":84.0,"bottom":34.0},"displayFeatures":[],"orientation":"landscape","textScalerScaleOf14":14.0,"platformBrightness":"light","rootConstraints":{"minWidth":951.0,"maxWidth":951.0,"minHeight":669.0,"maxHeight":669.0},"lifecycle":{"state":"resumed","at":"2026-09-21T11:51:16.865220"},"portraitLocked":false}
flutter: [DUO_PROBE] didChangeMetrics at 2026-09-21T11:53:45.182265
flutter: [DUO_PROBE] didChangeMetrics at 2026-09-21T11:53:45.183114
flutter: [DUO_PROBE] didChangeMetrics at 2026-09-21T11:53:45.199069
flutter: [DUO_PROBE] snapshot {"condition":"11-inner-datepicker","rootBuilds":12,"size":{"width":951.0,"height":669.0},"devicePixelRatio":3.0,"physicalPixels":{"width":2853.0,"height":2007.0},"padding":{"left":0.0,"top":0.0,"right":84.0,"bottom":34.0},"paddingAsymmetric":true,"viewInsets":{"left":0.0,"top":0.0,"right":0.0,"bottom":0.0},"viewPadding":{"left":0.0,"top":0.0,"right":84.0,"bottom":34.0},"displayFeatures":[],"orientation":"landscape","textScalerScaleOf14":14.0,"platformBrightness":"light","rootConstraints":{"minWidth":951.0,"maxWidth":951.0,"minHeight":669.0,"maxHeight":669.0},"lifecycle":{"state":"resumed","at":"2026-09-21T11:51:16.865220"},"portraitLocked":false}
flutter: [DUO_PROBE] didChangeMetrics at 2026-09-21T11:53:45.215742
flutter: [DUO_PROBE] didChangeMetrics at 2026-09-21T11:53:45.249692
flutter: [DUO_PROBE] didChangeMetrics at 2026-09-21T11:53:45.283108
flutter: [DUO_PROBE] didChangeMetrics at 2026-09-21T11:53:45.300026
flutter: [DUO_PROBE] didChangeMetrics at 2026-09-21T11:53:45.316367
flutter: [DUO_PROBE] command dismiss
flutter: [DUO_PROBE] datePicker result=null
flutter: [DUO_PROBE] didChangeMetrics at 2026-09-21T11:53:51.012740
flutter: [DUO_PROBE] didChangeMetrics at 2026-09-21T11:53:51.159352
flutter: [DUO_PROBE] didChangeMetrics at 2026-09-21T11:53:51.171483
flutter: [DUO_PROBE] snapshot {"condition":"11-inner-datepicker","rootBuilds":12,"size":{"width":951.0,"height":669.0},"devicePixelRatio":3.0,"physicalPixels":{"width":2853.0,"height":2007.0},"padding":{"left":0.0,"top":0.0,"right":84.0,"bottom":0.0},"paddingAsymmetric":true,"viewInsets":{"left":0.0,"top":0.0,"right":0.0,"bottom":126.16912989803325},"viewPadding":{"left":0.0,"top":0.0,"right":84.0,"bottom":34.0},"displayFeatures":[],"orientation":"landscape","textScalerScaleOf14":14.0,"platformBrightness":"light","rootConstraints":{"minWidth":951.0,"maxWidth":951.0,"minHeight":669.0,"maxHeight":669.0},"lifecycle":{"state":"resumed","at":"2026-09-21T11:51:16.865220"},"portraitLocked":false}
flutter: [DUO_PROBE] didChangeMetrics at 2026-09-21T11:53:51.215926
flutter: [DUO_PROBE] snapshot {"condition":"11-inner-datepicker","rootBuilds":12,"size":{"width":951.0,"height":669.0},"devicePixelRatio":3.0,"physicalPixels":{"width":2853.0,"height":2007.0},"padding":{"left":0.0,"top":0.0,"right":84.0,"bottom":0.0},"paddingAsymmetric":true,"viewInsets":{"left":0.0,"top":0.0,"right":0.0,"bottom":190.5404888672551},"viewPadding":{"left":0.0,"top":0.0,"right":84.0,"bottom":34.0},"displayFeatures":[],"orientation":"landscape","textScalerScaleOf14":14.0,"platformBrightness":"light","rootConstraints":{"minWidth":951.0,"maxWidth":951.0,"minHeight":669.0,"maxHeight":669.0},"lifecycle":{"state":"resumed","at":"2026-09-21T11:51:16.865220"},"portraitLocked":false}
flutter: [DUO_PROBE] didChangeMetrics at 2026-09-21T11:53:51.249286
flutter: [DUO_PROBE] snapshot {"condition":"11-inner-datepicker","rootBuilds":12,"size":{"width":951.0,"height":669.0},"devicePixelRatio":3.0,"physicalPixels":{"width":2853.0,"height":2007.0},"padding":{"left":0.0,"top":0.0,"right":84.0,"bottom":0.0},"paddingAsymmetric":true,"viewInsets":{"left":0.0,"top":0.0,"right":0.0,"bottom":218.58234069337857},"viewPadding":{"left":0.0,"top":0.0,"right":84.0,"bottom":34.0},"displayFeatures":[],"orientation":"landscape","textScalerScaleOf14":14.0,"platformBrightness":"light","rootConstraints":{"minWidth":951.0,"maxWidth":951.0,"minHeight":669.0,"maxHeight":669.0},"lifecycle":{"state":"resumed","at":"2026-09-21T11:51:16.865220"},"portraitLocked":false}
flutter: [DUO_PROBE] didChangeMetrics at 2026-09-21T11:53:51.265774
flutter: [DUO_PROBE] didChangeMetrics at 2026-09-21T11:53:51.266479
flutter: [DUO_PROBE] snapshot {"condition":"11-inner-datepicker","rootBuilds":12,"size":{"width":951.0,"height":669.0},"devicePixelRatio":3.0,"physicalPixels":{"width":2853.0,"height":2007.0},"padding":{"left":0.0,"top":0.0,"right":84.0,"bottom":0.0},"paddingAsymmetric":true,"viewInsets":{"left":0.0,"top":0.0,"right":0.0,"bottom":230.4594913597646},"viewPadding":{"left":0.0,"top":0.0,"right":84.0,"bottom":34.0},"displayFeatures":[],"orientation":"landscape","textScalerScaleOf14":14.0,"platformBrightness":"light","rootConstraints":{"minWidth":951.0,"maxWidth":951.0,"minHeight":669.0,"maxHeight":669.0},"lifecycle":{"state":"resumed","at":"2026-09-21T11:51:16.865220"},"portraitLocked":false}
flutter: [DUO_PROBE] didChangeMetrics at 2026-09-21T11:53:51.282384
flutter: [DUO_PROBE] didChangeMetrics at 2026-09-21T11:53:51.283292
flutter: [DUO_PROBE] snapshot {"condition":"11-inner-datepicker","rootBuilds":12,"size":{"width":951.0,"height":669.0},"devicePixelRatio":3.0,"physicalPixels":{"width":2853.0,"height":2007.0},"padding":{"left":0.0,"top":0.0,"right":84.0,"bottom":0.0},"paddingAsymmetric":true,"viewInsets":{"left":0.0,"top":0.0,"right":0.0,"bottom":239.41220907375842},"viewPadding":{"left":0.0,"top":0.0,"right":84.0,"bottom":34.0},"displayFeatures":[],"orientation":"landscape","textScalerScaleOf14":14.0,"platformBrightness":"light","rootConstraints":{"minWidth":951.0,"maxWidth":951.0,"minHeight":669.0,"maxHeight":669.0},"lifecycle":{"state":"resumed","at":"2026-09-21T11:51:16.865220"},"portraitLocked":false}
flutter: [DUO_PROBE] didChangeMetrics at 2026-09-21T11:53:51.299346
flutter: [DUO_PROBE] snapshot {"condition":"11-inner-datepicker","rootBuilds":12,"size":{"width":951.0,"height":669.0},"devicePixelRatio":3.0,"physicalPixels":{"width":2853.0,"height":2007.0},"padding":{"left":0.0,"top":0.0,"right":84.0,"bottom":0.0},"paddingAsymmetric":true,"viewInsets":{"left":0.0,"top":0.0,"right":0.0,"bottom":246.08734634635474},"viewPadding":{"left":0.0,"top":0.0,"right":84.0,"bottom":34.0},"displayFeatures":[],"orientation":"landscape","textScalerScaleOf14":14.0,"platformBrightness":"light","rootConstraints":{"minWidth":951.0,"maxWidth":951.0,"minHeight":669.0,"maxHeight":669.0},"lifecycle":{"state":"resumed","at":"2026-09-21T11:51:16.865220"},"portraitLocked":false}
flutter: [DUO_PROBE] didChangeMetrics at 2026-09-21T11:53:51.316194
flutter: [DUO_PROBE] snapshot {"condition":"11-inner-datepicker","rootBuilds":12,"size":{"width":951.0,"height":669.0},"devicePixelRatio":3.0,"physicalPixels":{"width":2853.0,"height":2007.0},"padding":{"left":0.0,"top":0.0,"right":84.0,"bottom":0.0},"paddingAsymmetric":true,"viewInsets":{"left":0.0,"top":0.0,"right":0.0,"bottom":251.02003404124517},"viewPadding":{"left":0.0,"top":0.0,"right":84.0,"bottom":34.0},"displayFeatures":[],"orientation":"landscape","textScalerScaleOf14":14.0,"platformBrightness":"light","rootConstraints":{"minWidth":951.0,"maxWidth":951.0,"minHeight":669.0,"maxHeight":669.0},"lifecycle":{"state":"resumed","at":"2026-09-21T11:51:16.865220"},"portraitLocked":false}
flutter: [DUO_PROBE] didChangeMetrics at 2026-09-21T11:53:51.333023
flutter: [DUO_PROBE] snapshot {"condition":"11-inner-datepicker","rootBuilds":12,"size":{"width":951.0,"height":669.0},"devicePixelRatio":3.0,"physicalPixels":{"width":2853.0,"height":2007.0},"padding":{"left":0.0,"top":0.0,"right":84.0,"bottom":0.0},"paddingAsymmetric":true,"viewInsets":{"left":0.0,"top":0.0,"right":0.0,"bottom":257.27501858319846},"viewPadding":{"left":0.0,"top":0.0,"right":84.0,"bottom":34.0},"displayFeatures":[],"orientation":"landscape","textScalerScaleOf14":14.0,"platformBrightness":"light","rootConstraints":{"minWidth":951.0,"maxWidth":951.0,"minHeight":669.0,"maxHeight":669.0},"lifecycle":{"state":"resumed","at":"2026-09-21T11:51:16.865220"},"portraitLocked":false}
flutter: [DUO_PROBE] didChangeMetrics at 2026-09-21T11:53:51.360844
flutter: [DUO_PROBE] didChangeMetrics at 2026-09-21T11:53:51.366432
flutter: [DUO_PROBE] snapshot {"condition":"11-inner-datepicker","rootBuilds":12,"size":{"width":951.0,"height":669.0},"devicePixelRatio":3.0,"physicalPixels":{"width":2853.0,"height":2007.0},"padding":{"left":0.0,"top":0.0,"right":84.0,"bottom":0.0},"paddingAsymmetric":true,"viewInsets":{"left":0.0,"top":0.0,"right":0.0,"bottom":260.5658468101515},"viewPadding":{"left":0.0,"top":0.0,"right":84.0,"bottom":34.0},"displayFeatures":[],"orientation":"landscape","textScalerScaleOf14":14.0,"platformBrightness":"light","rootConstraints":{"minWidth":951.0,"maxWidth":951.0,"minHeight":669.0,"maxHeight":669.0},"lifecycle":{"state":"resumed","at":"2026-09-21T11:51:16.865220"},"portraitLocked":false}
flutter: [DUO_PROBE] didChangeMetrics at 2026-09-21T11:53:51.382351
flutter: [DUO_PROBE] didChangeMetrics at 2026-09-21T11:53:51.402575
flutter: [DUO_PROBE] snapshot {"condition":"11-inner-datepicker","rootBuilds":12,"size":{"width":951.0,"height":669.0},"devicePixelRatio":3.0,"physicalPixels":{"width":2853.0,"height":2007.0},"padding":{"left":0.0,"top":0.0,"right":84.0,"bottom":0.0},"paddingAsymmetric":true,"viewInsets":{"left":0.0,"top":0.0,"right":0.0,"bottom":261.5568967650452},"viewPadding":{"left":0.0,"top":0.0,"right":84.0,"bottom":34.0},"displayFeatures":[],"orientation":"landscape","textScalerScaleOf14":14.0,"platformBrightness":"light","rootConstraints":{"minWidth":951.0,"maxWidth":951.0,"minHeight":669.0,"maxHeight":669.0},"lifecycle":{"state":"resumed","at":"2026-09-21T11:51:16.865220"},"portraitLocked":false}
flutter: [DUO_PROBE] didChangeMetrics at 2026-09-21T11:53:51.415639
flutter: [DUO_PROBE] didChangeMetrics at 2026-09-21T11:53:51.416443
flutter: [DUO_PROBE] snapshot {"condition":"11-inner-datepicker","rootBuilds":12,"size":{"width":951.0,"height":669.0},"devicePixelRatio":3.0,"physicalPixels":{"width":2853.0,"height":2007.0},"padding":{"left":0.0,"top":0.0,"right":84.0,"bottom":0.0},"paddingAsymmetric":true,"viewInsets":{"left":0.0,"top":0.0,"right":0.0,"bottom":262.2664306419677},"viewPadding":{"left":0.0,"top":0.0,"right":84.0,"bottom":34.0},"displayFeatures":[],"orientation":"landscape","textScalerScaleOf14":14.0,"platformBrightness":"light","rootConstraints":{"minWidth":951.0,"maxWidth":951.0,"minHeight":669.0,"maxHeight":669.0},"lifecycle":{"state":"resumed","at":"2026-09-21T11:51:16.865220"},"portraitLocked":false}
flutter: [DUO_PROBE] didChangeMetrics at 2026-09-21T11:53:51.432396
flutter: [DUO_PROBE] didChangeMetrics at 2026-09-21T11:53:51.433239
flutter: [DUO_PROBE] snapshot {"condition":"11-inner-datepicker","rootBuilds":12,"size":{"width":951.0,"height":669.0},"devicePixelRatio":3.0,"physicalPixels":{"width":2853.0,"height":2007.0},"padding":{"left":0.0,"top":0.0,"right":84.0,"bottom":0.0},"paddingAsymmetric":true,"viewInsets":{"left":0.0,"top":0.0,"right":0.0,"bottom":262.7727756755072},"viewPadding":{"left":0.0,"top":0.0,"right":84.0,"bottom":34.0},"displayFeatures":[],"orientation":"landscape","textScalerScaleOf14":14.0,"platformBrightness":"light","rootConstraints":{"minWidth":951.0,"maxWidth":951.0,"minHeight":669.0,"maxHeight":669.0},"lifecycle":{"state":"resumed","at":"2026-09-21T11:51:16.865220"},"portraitLocked":false}
flutter: [DUO_PROBE] didChangeMetrics at 2026-09-21T11:53:51.449075
flutter: [DUO_PROBE] didChangeMetrics at 2026-09-21T11:53:51.449915
flutter: [DUO_PROBE] snapshot {"condition":"11-inner-datepicker","rootBuilds":12,"size":{"width":951.0,"height":669.0},"devicePixelRatio":3.0,"physicalPixels":{"width":2853.0,"height":2007.0},"padding":{"left":0.0,"top":0.0,"right":84.0,"bottom":0.0},"paddingAsymmetric":true,"viewInsets":{"left":0.0,"top":0.0,"right":0.0,"bottom":263.13307457717616},"viewPadding":{"left":0.0,"top":0.0,"right":84.0,"bottom":34.0},"displayFeatures":[],"orientation":"landscape","textScalerScaleOf14":14.0,"platformBrightness":"light","rootConstraints":{"minWidth":951.0,"maxWidth":951.0,"minHeight":669.0,"maxHeight":669.0},"lifecycle":{"state":"resumed","at":"2026-09-21T11:51:16.865220"},"portraitLocked":false}
flutter: [DUO_PROBE] didChangeMetrics at 2026-09-21T11:53:51.465774
flutter: [DUO_PROBE] didChangeMetrics at 2026-09-21T11:53:51.466592
flutter: [DUO_PROBE] snapshot {"condition":"11-inner-datepicker","rootBuilds":12,"size":{"width":951.0,"height":669.0},"devicePixelRatio":3.0,"physicalPixels":{"width":2853.0,"height":2007.0},"padding":{"left":0.0,"top":0.0,"right":84.0,"bottom":0.0},"paddingAsymmetric":true,"viewInsets":{"left":0.0,"top":0.0,"right":0.0,"bottom":263.38878441632096},"viewPadding":{"left":0.0,"top":0.0,"right":84.0,"bottom":34.0},"displayFeatures":[],"orientation":"landscape","textScalerScaleOf14":14.0,"platformBrightness":"light","rootConstraints":{"minWidth":951.0,"maxWidth":951.0,"minHeight":669.0,"maxHeight":669.0},"lifecycle":{"state":"resumed","at":"2026-09-21T11:51:16.865220"},"portraitLocked":false}
flutter: [DUO_PROBE] didChangeMetrics at 2026-09-21T11:53:51.482394
flutter: [DUO_PROBE] didChangeMetrics at 2026-09-21T11:53:51.483232
flutter: [DUO_PROBE] snapshot {"condition":"11-inner-datepicker","rootBuilds":12,"size":{"width":951.0,"height":669.0},"devicePixelRatio":3.0,"physicalPixels":{"width":2853.0,"height":2007.0},"padding":{"left":0.0,"top":0.0,"right":84.0,"bottom":0.0},"paddingAsymmetric":true,"viewInsets":{"left":0.0,"top":0.0,"right":0.0,"bottom":263.5698381168361},"viewPadding":{"left":0.0,"top":0.0,"right":84.0,"bottom":34.0},"displayFeatures":[],"orientation":"landscape","textScalerScaleOf14":14.0,"platformBrightness":"light","rootConstraints":{"minWidth":951.0,"maxWidth":951.0,"minHeight":669.0,"maxHeight":669.0},"lifecycle":{"state":"resumed","at":"2026-09-21T11:51:16.865220"},"portraitLocked":false}
flutter: [DUO_PROBE] didChangeMetrics at 2026-09-21T11:53:51.499075
flutter: [DUO_PROBE] didChangeMetrics at 2026-09-21T11:53:51.500048
flutter: [DUO_PROBE] snapshot {"condition":"11-inner-datepicker","rootBuilds":12,"size":{"width":951.0,"height":669.0},"devicePixelRatio":3.0,"physicalPixels":{"width":2853.0,"height":2007.0},"padding":{"left":0.0,"top":0.0,"right":84.0,"bottom":0.0},"paddingAsymmetric":true,"viewInsets":{"left":0.0,"top":0.0,"right":0.0,"bottom":263.697757277233},"viewPadding":{"left":0.0,"top":0.0,"right":84.0,"bottom":34.0},"displayFeatures":[],"orientation":"landscape","textScalerScaleOf14":14.0,"platformBrightness":"light","rootConstraints":{"minWidth":951.0,"maxWidth":951.0,"minHeight":669.0,"maxHeight":669.0},"lifecycle":{"state":"resumed","at":"2026-09-21T11:51:16.865220"},"portraitLocked":false}
flutter: [DUO_PROBE] didChangeMetrics at 2026-09-21T11:53:51.517051
flutter: [DUO_PROBE] didChangeMetrics at 2026-09-21T11:53:51.532923
flutter: [DUO_PROBE] snapshot {"condition":"11-inner-datepicker","rootBuilds":12,"size":{"width":951.0,"height":669.0},"devicePixelRatio":3.0,"physicalPixels":{"width":2853.0,"height":2007.0},"padding":{"left":0.0,"top":0.0,"right":84.0,"bottom":0.0},"paddingAsymmetric":true,"viewInsets":{"left":0.0,"top":0.0,"right":0.0,"bottom":263.85919397297914},"viewPadding":{"left":0.0,"top":0.0,"right":84.0,"bottom":34.0},"displayFeatures":[],"orientation":"landscape","textScalerScaleOf14":14.0,"platformBrightness":"light","rootConstraints":{"minWidth":951.0,"maxWidth":951.0,"minHeight":669.0,"maxHeight":669.0},"lifecycle":{"state":"resumed","at":"2026-09-21T11:51:16.865220"},"portraitLocked":false}
flutter: [DUO_PROBE] didChangeMetrics at 2026-09-21T11:53:51.549151
flutter: [DUO_PROBE] didChangeMetrics at 2026-09-21T11:53:51.549907
flutter: [DUO_PROBE] didChangeMetrics at 2026-09-21T11:53:51.550029
flutter: [DUO_PROBE] snapshot {"condition":"11-inner-datepicker","rootBuilds":12,"size":{"width":951.0,"height":669.0},"devicePixelRatio":3.0,"physicalPixels":{"width":2853.0,"height":2007.0},"padding":{"left":0.0,"top":0.0,"right":84.0,"bottom":0.0},"paddingAsymmetric":true,"viewInsets":{"left":0.0,"top":0.0,"right":0.0,"bottom":264.0},"viewPadding":{"left":0.0,"top":0.0,"right":84.0,"bottom":34.0},"displayFeatures":[],"orientation":"landscape","textScalerScaleOf14":14.0,"platformBrightness":"light","rootConstraints":{"minWidth":951.0,"maxWidth":951.0,"minHeight":669.0,"maxHeight":669.0},"lifecycle":{"state":"resumed","at":"2026-09-21T11:51:16.865220"},"portraitLocked":false}
flutter: [DUO_PROBE] didChangeMetrics at 2026-09-21T11:53:51.574755
flutter: [DUO_PROBE] command condition/12-inner-bottomsheet
flutter: [DUO_PROBE] snapshot {"condition":"12-inner-bottomsheet","rootBuilds":13,"size":{"width":951.0,"height":669.0},"devicePixelRatio":3.0,"physicalPixels":{"width":2853.0,"height":2007.0},"padding":{"left":0.0,"top":0.0,"right":84.0,"bottom":0.0},"paddingAsymmetric":true,"viewInsets":{"left":0.0,"top":0.0,"right":0.0,"bottom":264.0},"viewPadding":{"left":0.0,"top":0.0,"right":84.0,"bottom":34.0},"displayFeatures":[],"orientation":"landscape","textScalerScaleOf14":14.0,"platformBrightness":"light","rootConstraints":{"minWidth":951.0,"maxWidth":951.0,"minHeight":669.0,"maxHeight":669.0},"lifecycle":{"state":"resumed","at":"2026-09-21T11:51:16.865220"},"portraitLocked":false}
flutter: [DUO_PROBE] command sheet
flutter: [DUO_PROBE] bottomSheet maxWidth=640.0 screenWidth=951.0 ratio=0.673
flutter: [DUO_PROBE] didChangeMetrics at 2026-09-21T11:53:57.351900
flutter: [DUO_PROBE] didChangeMetrics at 2026-09-21T11:53:57.372028
flutter: [DUO_PROBE] didChangeMetrics at 2026-09-21T11:53:57.386416
flutter: [DUO_PROBE] snapshot {"condition":"12-inner-bottomsheet","rootBuilds":13,"size":{"width":951.0,"height":669.0},"devicePixelRatio":3.0,"physicalPixels":{"width":2853.0,"height":2007.0},"padding":{"left":0.0,"top":0.0,"right":84.0,"bottom":0.0},"paddingAsymmetric":true,"viewInsets":{"left":0.0,"top":0.0,"right":0.0,"bottom":207.39264467357683},"viewPadding":{"left":0.0,"top":0.0,"right":84.0,"bottom":34.0},"displayFeatures":[],"orientation":"landscape","textScalerScaleOf14":14.0,"platformBrightness":"light","rootConstraints":{"minWidth":951.0,"maxWidth":951.0,"minHeight":669.0,"maxHeight":669.0},"lifecycle":{"state":"resumed","at":"2026-09-21T11:51:16.865220"},"portraitLocked":false}
flutter: [DUO_PROBE] didChangeMetrics at 2026-09-21T11:53:57.415701
flutter: [DUO_PROBE] snapshot {"condition":"12-inner-bottomsheet","rootBuilds":13,"size":{"width":951.0,"height":669.0},"devicePixelRatio":3.0,"physicalPixels":{"width":2853.0,"height":2007.0},"padding":{"left":0.0,"top":0.0,"right":84.0,"bottom":0.0},"paddingAsymmetric":true,"viewInsets":{"left":0.0,"top":0.0,"right":0.0,"bottom":152.2682554478335},"viewPadding":{"left":0.0,"top":0.0,"right":84.0,"bottom":34.0},"displayFeatures":[],"orientation":"landscape","textScalerScaleOf14":14.0,"platformBrightness":"light","rootConstraints":{"minWidth":951.0,"maxWidth":951.0,"minHeight":669.0,"maxHeight":669.0},"lifecycle":{"state":"resumed","at":"2026-09-21T11:51:16.865220"},"portraitLocked":false}
flutter: [DUO_PROBE] didChangeMetrics at 2026-09-21T11:53:57.433105
flutter: [DUO_PROBE] snapshot {"condition":"12-inner-bottomsheet","rootBuilds":13,"size":{"width":951.0,"height":669.0},"devicePixelRatio":3.0,"physicalPixels":{"width":2853.0,"height":2007.0},"padding":{"left":0.0,"top":0.0,"right":84.0,"bottom":0.0},"paddingAsymmetric":true,"viewInsets":{"left":0.0,"top":0.0,"right":0.0,"bottom":119.34126420570682},"viewPadding":{"left":0.0,"top":0.0,"right":84.0,"bottom":34.0},"displayFeatures":[],"orientation":"landscape","textScalerScaleOf14":14.0,"platformBrightness":"light","rootConstraints":{"minWidth":951.0,"maxWidth":951.0,"minHeight":669.0,"maxHeight":669.0},"lifecycle":{"state":"resumed","at":"2026-09-21T11:51:16.865220"},"portraitLocked":false}
flutter: [DUO_PROBE] didChangeMetrics at 2026-09-21T11:53:57.449752
flutter: [DUO_PROBE] snapshot {"condition":"12-inner-bottomsheet","rootBuilds":13,"size":{"width":951.0,"height":669.0},"devicePixelRatio":3.0,"physicalPixels":{"width":2853.0,"height":2007.0},"padding":{"left":0.0,"top":0.0,"right":84.0,"bottom":0.0},"paddingAsymmetric":true,"viewInsets":{"left":0.0,"top":0.0,"right":0.0,"bottom":91.74225016474715},"viewPadding":{"left":0.0,"top":0.0,"right":84.0,"bottom":34.0},"displayFeatures":[],"orientation":"landscape","textScalerScaleOf14":14.0,"platformBrightness":"light","rootConstraints":{"minWidth":951.0,"maxWidth":951.0,"minHeight":669.0,"maxHeight":669.0},"lifecycle":{"state":"resumed","at":"2026-09-21T11:51:16.865220"},"portraitLocked":false}
flutter: [DUO_PROBE] didChangeMetrics at 2026-09-21T11:53:57.466507
flutter: [DUO_PROBE] snapshot {"condition":"12-inner-bottomsheet","rootBuilds":13,"size":{"width":951.0,"height":669.0},"devicePixelRatio":3.0,"physicalPixels":{"width":2853.0,"height":2007.0},"padding":{"left":0.0,"top":0.0,"right":84.0,"bottom":0.0},"paddingAsymmetric":true,"viewInsets":{"left":0.0,"top":0.0,"right":0.0,"bottom":69.4830956815534},"viewPadding":{"left":0.0,"top":0.0,"right":84.0,"bottom":34.0},"displayFeatures":[],"orientation":"landscape","textScalerScaleOf14":14.0,"platformBrightness":"light","rootConstraints":{"minWidth":951.0,"maxWidth":951.0,"minHeight":669.0,"maxHeight":669.0},"lifecycle":{"state":"resumed","at":"2026-09-21T11:51:16.865220"},"portraitLocked":false}
flutter: [DUO_PROBE] didChangeMetrics at 2026-09-21T11:53:57.483058
flutter: [DUO_PROBE] snapshot {"condition":"12-inner-bottomsheet","rootBuilds":13,"size":{"width":951.0,"height":669.0},"devicePixelRatio":3.0,"physicalPixels":{"width":2853.0,"height":2007.0},"padding":{"left":0.0,"top":0.0,"right":84.0,"bottom":0.0},"paddingAsymmetric":true,"viewInsets":{"left":0.0,"top":0.0,"right":0.0,"bottom":52.006115720043105},"viewPadding":{"left":0.0,"top":0.0,"right":84.0,"bottom":34.0},"displayFeatures":[],"orientation":"landscape","textScalerScaleOf14":14.0,"platformBrightness":"light","rootConstraints":{"minWidth":951.0,"maxWidth":951.0,"minHeight":669.0,"maxHeight":669.0},"lifecycle":{"state":"resumed","at":"2026-09-21T11:51:16.865220"},"portraitLocked":false}
flutter: [DUO_PROBE] didChangeMetrics at 2026-09-21T11:53:57.499670
flutter: [DUO_PROBE] snapshot {"condition":"12-inner-bottomsheet","rootBuilds":13,"size":{"width":951.0,"height":669.0},"devicePixelRatio":3.0,"physicalPixels":{"width":2853.0,"height":2007.0},"padding":{"left":0.0,"top":0.0,"right":84.0,"bottom":0.0},"paddingAsymmetric":true,"viewInsets":{"left":0.0,"top":0.0,"right":0.0,"bottom":38.552721863275785},"viewPadding":{"left":0.0,"top":0.0,"right":84.0,"bottom":34.0},"displayFeatures":[],"orientation":"landscape","textScalerScaleOf14":14.0,"platformBrightness":"light","rootConstraints":{"minWidth":951.0,"maxWidth":951.0,"minHeight":669.0,"maxHeight":669.0},"lifecycle":{"state":"resumed","at":"2026-09-21T11:51:16.865220"},"portraitLocked":false}
flutter: [DUO_PROBE] didChangeMetrics at 2026-09-21T11:53:57.516535
flutter: [DUO_PROBE] snapshot {"condition":"12-inner-bottomsheet","rootBuilds":13,"size":{"width":951.0,"height":669.0},"devicePixelRatio":3.0,"physicalPixels":{"width":2853.0,"height":2007.0},"padding":{"left":0.0,"top":0.0,"right":84.0,"bottom":5.647287668085828},"paddingAsymmetric":true,"viewInsets":{"left":0.0,"top":0.0,"right":0.0,"bottom":28.352712331914173},"viewPadding":{"left":0.0,"top":0.0,"right":84.0,"bottom":34.0},"displayFeatures":[],"orientation":"landscape","textScalerScaleOf14":14.0,"platformBrightness":"light","rootConstraints":{"minWidth":951.0,"maxWidth":951.0,"minHeight":669.0,"maxHeight":669.0},"lifecycle":{"state":"resumed","at":"2026-09-21T11:51:16.865220"},"portraitLocked":false}
flutter: [DUO_PROBE] didChangeMetrics at 2026-09-21T11:53:57.533128
flutter: [DUO_PROBE] snapshot {"condition":"12-inner-bottomsheet","rootBuilds":13,"size":{"width":951.0,"height":669.0},"devicePixelRatio":3.0,"physicalPixels":{"width":2853.0,"height":2007.0},"padding":{"left":0.0,"top":0.0,"right":84.0,"bottom":13.28819012288727},"paddingAsymmetric":true,"viewInsets":{"left":0.0,"top":0.0,"right":0.0,"bottom":20.71180987711273},"viewPadding":{"left":0.0,"top":0.0,"right":84.0,"bottom":34.0},"displayFeatures":[],"orientation":"landscape","textScalerScaleOf14":14.0,"platformBrightness":"light","rootConstraints":{"minWidth":951.0,"maxWidth":951.0,"minHeight":669.0,"maxHeight":669.0},"lifecycle":{"state":"resumed","at":"2026-09-21T11:51:16.865220"},"portraitLocked":false}
flutter: [DUO_PROBE] didChangeMetrics at 2026-09-21T11:53:57.549934
flutter: [DUO_PROBE] snapshot {"condition":"12-inner-bottomsheet","rootBuilds":13,"size":{"width":951.0,"height":669.0},"devicePixelRatio":3.0,"physicalPixels":{"width":2853.0,"height":2007.0},"padding":{"left":0.0,"top":0.0,"right":84.0,"bottom":18.956429062923885},"paddingAsymmetric":true,"viewInsets":{"left":0.0,"top":0.0,"right":0.0,"bottom":15.043570937076117},"viewPadding":{"left":0.0,"top":0.0,"right":84.0,"bottom":34.0},"displayFeatures":[],"orientation":"landscape","textScalerScaleOf14":14.0,"platformBrightness":"light","rootConstraints":{"minWidth":951.0,"maxWidth":951.0,"minHeight":669.0,"maxHeight":669.0},"lifecycle":{"state":"resumed","at":"2026-09-21T11:51:16.865220"},"portraitLocked":false}
flutter: [DUO_PROBE] didChangeMetrics at 2026-09-21T11:53:57.568111
flutter: [DUO_PROBE] snapshot {"condition":"12-inner-bottomsheet","rootBuilds":13,"size":{"width":951.0,"height":669.0},"devicePixelRatio":3.0,"physicalPixels":{"width":2853.0,"height":2007.0},"padding":{"left":0.0,"top":0.0,"right":84.0,"bottom":23.127435567755686},"paddingAsymmetric":true,"viewInsets":{"left":0.0,"top":0.0,"right":0.0,"bottom":10.872564432244316},"viewPadding":{"left":0.0,"top":0.0,"right":84.0,"bottom":34.0},"displayFeatures":[],"orientation":"landscape","textScalerScaleOf14":14.0,"platformBrightness":"light","rootConstraints":{"minWidth":951.0,"maxWidth":951.0,"minHeight":669.0,"maxHeight":669.0},"lifecycle":{"state":"resumed","at":"2026-09-21T11:51:16.865220"},"portraitLocked":false}
flutter: [DUO_PROBE] didChangeMetrics at 2026-09-21T11:53:57.584076
flutter: [DUO_PROBE] didChangeMetrics at 2026-09-21T11:53:57.615632
flutter: [DUO_PROBE] snapshot {"condition":"12-inner-bottomsheet","rootBuilds":13,"size":{"width":951.0,"height":669.0},"devicePixelRatio":3.0,"physicalPixels":{"width":2853.0,"height":2007.0},"padding":{"left":0.0,"top":0.0,"right":84.0,"bottom":29.992540562941468},"paddingAsymmetric":true,"viewInsets":{"left":0.0,"top":0.0,"right":0.0,"bottom":4.007459437058533},"viewPadding":{"left":0.0,"top":0.0,"right":84.0,"bottom":34.0},"displayFeatures":[],"orientation":"landscape","textScalerScaleOf14":14.0,"platformBrightness":"light","rootConstraints":{"minWidth":951.0,"maxWidth":951.0,"minHeight":669.0,"maxHeight":669.0},"lifecycle":{"state":"resumed","at":"2026-09-21T11:51:16.865220"},"portraitLocked":false}
flutter: [DUO_PROBE] didChangeMetrics at 2026-09-21T11:53:57.633006
flutter: [DUO_PROBE] didChangeMetrics at 2026-09-21T11:53:57.648996
flutter: [DUO_PROBE] snapshot {"condition":"12-inner-bottomsheet","rootBuilds":13,"size":{"width":951.0,"height":669.0},"devicePixelRatio":3.0,"physicalPixels":{"width":2853.0,"height":2007.0},"padding":{"left":0.0,"top":0.0,"right":84.0,"bottom":31.972127169347782},"paddingAsymmetric":true,"viewInsets":{"left":0.0,"top":0.0,"right":0.0,"bottom":2.02787283065222},"viewPadding":{"left":0.0,"top":0.0,"right":84.0,"bottom":34.0},"displayFeatures":[],"orientation":"landscape","textScalerScaleOf14":14.0,"platformBrightness":"light","rootConstraints":{"minWidth":951.0,"maxWidth":951.0,"minHeight":669.0,"maxHeight":669.0},"lifecycle":{"state":"resumed","at":"2026-09-21T11:51:16.865220"},"portraitLocked":false}
flutter: [DUO_PROBE] didChangeMetrics at 2026-09-21T11:53:57.666441
flutter: [DUO_PROBE] didChangeMetrics at 2026-09-21T11:53:57.682322
flutter: [DUO_PROBE] snapshot {"condition":"12-inner-bottomsheet","rootBuilds":13,"size":{"width":951.0,"height":669.0},"devicePixelRatio":3.0,"physicalPixels":{"width":2853.0,"height":2007.0},"padding":{"left":0.0,"top":0.0,"right":84.0,"bottom":32.98388194633761},"paddingAsymmetric":true,"viewInsets":{"left":0.0,"top":0.0,"right":0.0,"bottom":1.0161180536623917},"viewPadding":{"left":0.0,"top":0.0,"right":84.0,"bottom":34.0},"displayFeatures":[],"orientation":"landscape","textScalerScaleOf14":14.0,"platformBrightness":"light","rootConstraints":{"minWidth":951.0,"maxWidth":951.0,"minHeight":669.0,"maxHeight":669.0},"lifecycle":{"state":"resumed","at":"2026-09-21T11:51:16.865220"},"portraitLocked":false}
flutter: [DUO_PROBE] didChangeMetrics at 2026-09-21T11:53:57.699517
flutter: [DUO_PROBE] didChangeMetrics at 2026-09-21T11:53:57.715634
flutter: [DUO_PROBE] snapshot {"condition":"12-inner-bottomsheet","rootBuilds":13,"size":{"width":951.0,"height":669.0},"devicePixelRatio":3.0,"physicalPixels":{"width":2853.0,"height":2007.0},"padding":{"left":0.0,"top":0.0,"right":84.0,"bottom":33.49497123899047},"paddingAsymmetric":true,"viewInsets":{"left":0.0,"top":0.0,"right":0.0,"bottom":0.5050287610095269},"viewPadding":{"left":0.0,"top":0.0,"right":84.0,"bottom":34.0},"displayFeatures":[],"orientation":"landscape","textScalerScaleOf14":14.0,"platformBrightness":"light","rootConstraints":{"minWidth":951.0,"maxWidth":951.0,"minHeight":669.0,"maxHeight":669.0},"lifecycle":{"state":"resumed","at":"2026-09-21T11:51:16.865220"},"portraitLocked":false}
flutter: [DUO_PROBE] didChangeMetrics at 2026-09-21T11:53:57.732902
flutter: [DUO_PROBE] didChangeMetrics at 2026-09-21T11:53:57.748960
flutter: [DUO_PROBE] snapshot {"condition":"12-inner-bottomsheet","rootBuilds":13,"size":{"width":951.0,"height":669.0},"devicePixelRatio":3.0,"physicalPixels":{"width":2853.0,"height":2007.0},"padding":{"left":0.0,"top":0.0,"right":84.0,"bottom":33.75070272527753},"paddingAsymmetric":true,"viewInsets":{"left":0.0,"top":0.0,"right":0.0,"bottom":0.24929727472246985},"viewPadding":{"left":0.0,"top":0.0,"right":84.0,"bottom":34.0},"displayFeatures":[],"orientation":"landscape","textScalerScaleOf14":14.0,"platformBrightness":"light","rootConstraints":{"minWidth":951.0,"maxWidth":951.0,"minHeight":669.0,"maxHeight":669.0},"lifecycle":{"state":"resumed","at":"2026-09-21T11:51:16.865220"},"portraitLocked":false}
flutter: [DUO_PROBE] didChangeMetrics at 2026-09-21T11:53:57.766334
flutter: [DUO_PROBE] didChangeMetrics at 2026-09-21T11:53:57.766568
flutter: [DUO_PROBE] didChangeMetrics at 2026-09-21T11:53:57.782563
flutter: [DUO_PROBE] snapshot {"condition":"12-inner-bottomsheet","rootBuilds":13,"size":{"width":951.0,"height":669.0},"devicePixelRatio":3.0,"physicalPixels":{"width":2853.0,"height":2007.0},"padding":{"left":0.0,"top":0.0,"right":84.0,"bottom":34.0},"paddingAsymmetric":true,"viewInsets":{"left":0.0,"top":0.0,"right":0.0,"bottom":0.0},"viewPadding":{"left":0.0,"top":0.0,"right":84.0,"bottom":34.0},"displayFeatures":[],"orientation":"landscape","textScalerScaleOf14":14.0,"platformBrightness":"light","rootConstraints":{"minWidth":951.0,"maxWidth":951.0,"minHeight":669.0,"maxHeight":669.0},"lifecycle":{"state":"resumed","at":"2026-09-21T11:51:16.865220"},"portraitLocked":false}
flutter: [DUO_PROBE] command dismiss
flutter: [DUO_PROBE] didChangeMetrics at 2026-09-21T11:54:03.351501
flutter: [DUO_PROBE] didChangeMetrics at 2026-09-21T11:54:03.422153
flutter: [DUO_PROBE] didChangeMetrics at 2026-09-21T11:54:03.433600
flutter: [DUO_PROBE] snapshot {"condition":"12-inner-bottomsheet","rootBuilds":13,"size":{"width":951.0,"height":669.0},"devicePixelRatio":3.0,"physicalPixels":{"width":2853.0,"height":2007.0},"padding":{"left":0.0,"top":0.0,"right":84.0,"bottom":0.0},"paddingAsymmetric":true,"viewInsets":{"left":0.0,"top":0.0,"right":0.0,"bottom":69.9734985661345},"viewPadding":{"left":0.0,"top":0.0,"right":84.0,"bottom":34.0},"displayFeatures":[],"orientation":"landscape","textScalerScaleOf14":14.0,"platformBrightness":"light","rootConstraints":{"minWidth":951.0,"maxWidth":951.0,"minHeight":669.0,"maxHeight":669.0},"lifecycle":{"state":"resumed","at":"2026-09-21T11:51:16.865220"},"portraitLocked":false}
flutter: [DUO_PROBE] didChangeMetrics at 2026-09-21T11:54:03.449101
flutter: [DUO_PROBE] snapshot {"condition":"12-inner-bottomsheet","rootBuilds":13,"size":{"width":951.0,"height":669.0},"devicePixelRatio":3.0,"physicalPixels":{"width":2853.0,"height":2007.0},"padding":{"left":0.0,"top":0.0,"right":84.0,"bottom":0.0},"paddingAsymmetric":true,"viewInsets":{"left":0.0,"top":0.0,"right":0.0,"bottom":120.72222838047969},"viewPadding":{"left":0.0,"top":0.0,"right":84.0,"bottom":34.0},"displayFeatures":[],"orientation":"landscape","textScalerScaleOf14":14.0,"platformBrightness":"light","rootConstraints":{"minWidth":951.0,"maxWidth":951.0,"minHeight":669.0,"maxHeight":669.0},"lifecycle":{"state":"resumed","at":"2026-09-21T11:51:16.865220"},"portraitLocked":false}
flutter: [DUO_PROBE] didChangeMetrics at 2026-09-21T11:54:03.482352
flutter: [DUO_PROBE] snapshot {"condition":"12-inner-bottomsheet","rootBuilds":13,"size":{"width":951.0,"height":669.0},"devicePixelRatio":3.0,"physicalPixels":{"width":2853.0,"height":2007.0},"padding":{"left":0.0,"top":0.0,"right":84.0,"bottom":0.0},"paddingAsymmetric":true,"viewInsets":{"left":0.0,"top":0.0,"right":0.0,"bottom":152.3254306039819},"viewPadding":{"left":0.0,"top":0.0,"right":84.0,"bottom":34.0},"displayFeatures":[],"orientation":"landscape","textScalerScaleOf14":14.0,"platformBrightness":"light","rootConstraints":{"minWidth":951.0,"maxWidth":951.0,"minHeight":669.0,"maxHeight":669.0},"lifecycle":{"state":"resumed","at":"2026-09-21T11:51:16.865220"},"portraitLocked":false}
flutter: [DUO_PROBE] didChangeMetrics at 2026-09-21T11:54:03.499538
flutter: [DUO_PROBE] snapshot {"condition":"12-inner-bottomsheet","rootBuilds":13,"size":{"width":951.0,"height":669.0},"devicePixelRatio":3.0,"physicalPixels":{"width":2853.0,"height":2007.0},"padding":{"left":0.0,"top":0.0,"right":84.0,"bottom":0.0},"paddingAsymmetric":true,"viewInsets":{"left":0.0,"top":0.0,"right":0.0,"bottom":178.51234508201324},"viewPadding":{"left":0.0,"top":0.0,"right":84.0,"bottom":34.0},"displayFeatures":[],"orientation":"landscape","textScalerScaleOf14":14.0,"platformBrightness":"light","rootConstraints":{"minWidth":951.0,"maxWidth":951.0,"minHeight":669.0,"maxHeight":669.0},"lifecycle":{"state":"resumed","at":"2026-09-21T11:51:16.865220"},"portraitLocked":false}
flutter: [DUO_PROBE] didChangeMetrics at 2026-09-21T11:54:03.516235
flutter: [DUO_PROBE] snapshot {"condition":"12-inner-bottomsheet","rootBuilds":13,"size":{"width":951.0,"height":669.0},"devicePixelRatio":3.0,"physicalPixels":{"width":2853.0,"height":2007.0},"padding":{"left":0.0,"top":0.0,"right":84.0,"bottom":0.0},"paddingAsymmetric":true,"viewInsets":{"left":0.0,"top":0.0,"right":0.0,"bottom":199.46804184200573},"viewPadding":{"left":0.0,"top":0.0,"right":84.0,"bottom":34.0},"displayFeatures":[],"orientation":"landscape","textScalerScaleOf14":14.0,"platformBrightness":"light","rootConstraints":{"minWidth":951.0,"maxWidth":951.0,"minHeight":669.0,"maxHeight":669.0},"lifecycle":{"state":"resumed","at":"2026-09-21T11:51:16.865220"},"portraitLocked":false}
flutter: [DUO_PROBE] didChangeMetrics at 2026-09-21T11:54:03.532993
flutter: [DUO_PROBE] snapshot {"condition":"12-inner-bottomsheet","rootBuilds":13,"size":{"width":951.0,"height":669.0},"devicePixelRatio":3.0,"physicalPixels":{"width":2853.0,"height":2007.0},"padding":{"left":0.0,"top":0.0,"right":84.0,"bottom":0.0},"paddingAsymmetric":true,"viewInsets":{"left":0.0,"top":0.0,"right":0.0,"bottom":215.82855607947397},"viewPadding":{"left":0.0,"top":0.0,"right":84.0,"bottom":34.0},"displayFeatures":[],"orientation":"landscape","textScalerScaleOf14":14.0,"platformBrightness":"light","rootConstraints":{"minWidth":951.0,"maxWidth":951.0,"minHeight":669.0,"maxHeight":669.0},"lifecycle":{"state":"resumed","at":"2026-09-21T11:51:16.865220"},"portraitLocked":false}
flutter: [DUO_PROBE] didChangeMetrics at 2026-09-21T11:54:03.549606
flutter: [DUO_PROBE] snapshot {"condition":"12-inner-bottomsheet","rootBuilds":13,"size":{"width":951.0,"height":669.0},"devicePixelRatio":3.0,"physicalPixels":{"width":2853.0,"height":2007.0},"padding":{"left":0.0,"top":0.0,"right":84.0,"bottom":0.0},"paddingAsymmetric":true,"viewInsets":{"left":0.0,"top":0.0,"right":0.0,"bottom":228.36848385152302},"viewPadding":{"left":0.0,"top":0.0,"right":84.0,"bottom":34.0},"displayFeatures":[],"orientation":"landscape","textScalerScaleOf14":14.0,"platformBrightness":"light","rootConstraints":{"minWidth":951.0,"maxWidth":951.0,"minHeight":669.0,"maxHeight":669.0},"lifecycle":{"state":"resumed","at":"2026-09-21T11:51:16.865220"},"portraitLocked":false}
flutter: [DUO_PROBE] didChangeMetrics at 2026-09-21T11:54:03.566505
flutter: [DUO_PROBE] snapshot {"condition":"12-inner-bottomsheet","rootBuilds":13,"size":{"width":951.0,"height":669.0},"devicePixelRatio":3.0,"physicalPixels":{"width":2853.0,"height":2007.0},"padding":{"left":0.0,"top":0.0,"right":84.0,"bottom":0.0},"paddingAsymmetric":true,"viewInsets":{"left":0.0,"top":0.0,"right":0.0,"bottom":244.92278726381696},"viewPadding":{"left":0.0,"top":0.0,"right":84.0,"bottom":34.0},"displayFeatures":[],"orientation":"landscape","textScalerScaleOf14":14.0,"platformBrightness":"light","rootConstraints":{"minWidth":951.0,"maxWidth":951.0,"minHeight":669.0,"maxHeight":669.0},"lifecycle":{"state":"resumed","at":"2026-09-21T11:51:16.865220"},"portraitLocked":false}
flutter: [DUO_PROBE] didChangeMetrics at 2026-09-21T11:54:03.599320
flutter: [DUO_PROBE] snapshot {"condition":"12-inner-bottomsheet","rootBuilds":13,"size":{"width":951.0,"height":669.0},"devicePixelRatio":3.0,"physicalPixels":{"width":2853.0,"height":2007.0},"padding":{"left":0.0,"top":0.0,"right":84.0,"bottom":0.0},"paddingAsymmetric":true,"viewInsets":{"left":0.0,"top":0.0,"right":0.0,"bottom":250.16237531369453},"viewPadding":{"left":0.0,"top":0.0,"right":84.0,"bottom":34.0},"displayFeatures":[],"orientation":"landscape","textScalerScaleOf14":14.0,"platformBrightness":"light","rootConstraints":{"minWidth":951.0,"maxWidth":951.0,"minHeight":669.0,"maxHeight":669.0},"lifecycle":{"state":"resumed","at":"2026-09-21T11:51:16.865220"},"portraitLocked":false}
flutter: [DUO_PROBE] didChangeMetrics at 2026-09-21T11:54:03.616266
flutter: [DUO_PROBE] snapshot {"condition":"12-inner-bottomsheet","rootBuilds":13,"size":{"width":951.0,"height":669.0},"devicePixelRatio":3.0,"physicalPixels":{"width":2853.0,"height":2007.0},"padding":{"left":0.0,"top":0.0,"right":84.0,"bottom":0.0},"paddingAsymmetric":true,"viewInsets":{"left":0.0,"top":0.0,"right":0.0,"bottom":254.01075395751909},"viewPadding":{"left":0.0,"top":0.0,"right":84.0,"bottom":34.0},"displayFeatures":[],"orientation":"landscape","textScalerScaleOf14":14.0,"platformBrightness":"light","rootConstraints":{"minWidth":951.0,"maxWidth":951.0,"minHeight":669.0,"maxHeight":669.0},"lifecycle":{"state":"resumed","at":"2026-09-21T11:51:16.865220"},"portraitLocked":false}
flutter: [DUO_PROBE] didChangeMetrics at 2026-09-21T11:54:03.632844
flutter: [DUO_PROBE] snapshot {"condition":"12-inner-bottomsheet","rootBuilds":13,"size":{"width":951.0,"height":669.0},"devicePixelRatio":3.0,"physicalPixels":{"width":2853.0,"height":2007.0},"padding":{"left":0.0,"top":0.0,"right":84.0,"bottom":0.0},"paddingAsymmetric":true,"viewInsets":{"left":0.0,"top":0.0,"right":0.0,"bottom":256.81894264347847},"viewPadding":{"left":0.0,"top":0.0,"right":84.0,"bottom":34.0},"displayFeatures":[],"orientation":"landscape","textScalerScaleOf14":14.0,"platformBrightness":"light","rootConstraints":{"minWidth":951.0,"maxWidth":951.0,"minHeight":669.0,"maxHeight":669.0},"lifecycle":{"state":"resumed","at":"2026-09-21T11:51:16.865220"},"portraitLocked":false}
flutter: [DUO_PROBE] didChangeMetrics at 2026-09-21T11:54:03.649593
flutter: [DUO_PROBE] snapshot {"condition":"12-inner-bottomsheet","rootBuilds":13,"size":{"width":951.0,"height":669.0},"devicePixelRatio":3.0,"physicalPixels":{"width":2853.0,"height":2007.0},"padding":{"left":0.0,"top":0.0,"right":84.0,"bottom":0.0},"paddingAsymmetric":true,"viewInsets":{"left":0.0,"top":0.0,"right":0.0,"bottom":258.8566911721081},"viewPadding":{"left":0.0,"top":0.0,"right":84.0,"bottom":34.0},"displayFeatures":[],"orientation":"landscape","textScalerScaleOf14":14.0,"platformBrightness":"light","rootConstraints":{"minWidth":951.0,"maxWidth":951.0,"minHeight":669.0,"maxHeight":669.0},"lifecycle":{"state":"resumed","at":"2026-09-21T11:51:16.865220"},"portraitLocked":false}
flutter: [DUO_PROBE] didChangeMetrics at 2026-09-21T11:54:03.665930
flutter: [DUO_PROBE] didChangeMetrics at 2026-09-21T11:54:03.666860
flutter: [DUO_PROBE] snapshot {"condition":"12-inner-bottomsheet","rootBuilds":13,"size":{"width":951.0,"height":669.0},"devicePixelRatio":3.0,"physicalPixels":{"width":2853.0,"height":2007.0},"padding":{"left":0.0,"top":0.0,"right":84.0,"bottom":0.0},"paddingAsymmetric":true,"viewInsets":{"left":0.0,"top":0.0,"right":0.0,"bottom":260.32824590531544},"viewPadding":{"left":0.0,"top":0.0,"right":84.0,"bottom":34.0},"displayFeatures":[],"orientation":"landscape","textScalerScaleOf14":14.0,"platformBrightness":"light","rootConstraints":{"minWidth":951.0,"maxWidth":951.0,"minHeight":669.0,"maxHeight":669.0},"lifecycle":{"state":"resumed","at":"2026-09-21T11:51:16.865220"},"portraitLocked":false}
flutter: [DUO_PROBE] didChangeMetrics at 2026-09-21T11:54:03.682479
flutter: [DUO_PROBE] didChangeMetrics at 2026-09-21T11:54:03.683385
flutter: [DUO_PROBE] snapshot {"condition":"12-inner-bottomsheet","rootBuilds":13,"size":{"width":951.0,"height":669.0},"devicePixelRatio":3.0,"physicalPixels":{"width":2853.0,"height":2007.0},"padding":{"left":0.0,"top":0.0,"right":84.0,"bottom":0.0},"paddingAsymmetric":true,"viewInsets":{"left":0.0,"top":0.0,"right":0.0,"bottom":261.38644639965315},"viewPadding":{"left":0.0,"top":0.0,"right":84.0,"bottom":34.0},"displayFeatures":[],"orientation":"landscape","textScalerScaleOf14":14.0,"platformBrightness":"light","rootConstraints":{"minWidth":951.0,"maxWidth":951.0,"minHeight":669.0,"maxHeight":669.0},"lifecycle":{"state":"resumed","at":"2026-09-21T11:51:16.865220"},"portraitLocked":false}
flutter: [DUO_PROBE] didChangeMetrics at 2026-09-21T11:54:03.699162
flutter: [DUO_PROBE] didChangeMetrics at 2026-09-21T11:54:03.699901
flutter: [DUO_PROBE] snapshot {"condition":"12-inner-bottomsheet","rootBuilds":13,"size":{"width":951.0,"height":669.0},"devicePixelRatio":3.0,"physicalPixels":{"width":2853.0,"height":2007.0},"padding":{"left":0.0,"top":0.0,"right":84.0,"bottom":0.0},"paddingAsymmetric":true,"viewInsets":{"left":0.0,"top":0.0,"right":0.0,"bottom":262.144574240347},"viewPadding":{"left":0.0,"top":0.0,"right":84.0,"bottom":34.0},"displayFeatures":[],"orientation":"landscape","textScalerScaleOf14":14.0,"platformBrightness":"light","rootConstraints":{"minWidth":951.0,"maxWidth":951.0,"minHeight":669.0,"maxHeight":669.0},"lifecycle":{"state":"resumed","at":"2026-09-21T11:51:16.865220"},"portraitLocked":false}
flutter: [DUO_PROBE] didChangeMetrics at 2026-09-21T11:54:03.715718
flutter: [DUO_PROBE] didChangeMetrics at 2026-09-21T11:54:03.716483
flutter: [DUO_PROBE] snapshot {"condition":"12-inner-bottomsheet","rootBuilds":13,"size":{"width":951.0,"height":669.0},"devicePixelRatio":3.0,"physicalPixels":{"width":2853.0,"height":2007.0},"padding":{"left":0.0,"top":0.0,"right":84.0,"bottom":0.0},"paddingAsymmetric":true,"viewInsets":{"left":0.0,"top":0.0,"right":0.0,"bottom":262.68592738748197},"viewPadding":{"left":0.0,"top":0.0,"right":84.0,"bottom":34.0},"displayFeatures":[],"orientation":"landscape","textScalerScaleOf14":14.0,"platformBrightness":"light","rootConstraints":{"minWidth":951.0,"maxWidth":951.0,"minHeight":669.0,"maxHeight":669.0},"lifecycle":{"state":"resumed","at":"2026-09-21T11:51:16.865220"},"portraitLocked":false}
flutter: [DUO_PROBE] didChangeMetrics at 2026-09-21T11:54:03.732473
flutter: [DUO_PROBE] didChangeMetrics at 2026-09-21T11:54:03.733121
flutter: [DUO_PROBE] snapshot {"condition":"12-inner-bottomsheet","rootBuilds":13,"size":{"width":951.0,"height":669.0},"devicePixelRatio":3.0,"physicalPixels":{"width":2853.0,"height":2007.0},"padding":{"left":0.0,"top":0.0,"right":84.0,"bottom":0.0},"paddingAsymmetric":true,"viewInsets":{"left":0.0,"top":0.0,"right":0.0,"bottom":263.07134778431134},"viewPadding":{"left":0.0,"top":0.0,"right":84.0,"bottom":34.0},"displayFeatures":[],"orientation":"landscape","textScalerScaleOf14":14.0,"platformBrightness":"light","rootConstraints":{"minWidth":951.0,"maxWidth":951.0,"minHeight":669.0,"maxHeight":669.0},"lifecycle":{"state":"resumed","at":"2026-09-21T11:51:16.865220"},"portraitLocked":false}
flutter: [DUO_PROBE] didChangeMetrics at 2026-09-21T11:54:03.749123
flutter: [DUO_PROBE] didChangeMetrics at 2026-09-21T11:54:03.749765
flutter: [DUO_PROBE] snapshot {"condition":"12-inner-bottomsheet","rootBuilds":13,"size":{"width":951.0,"height":669.0},"devicePixelRatio":3.0,"physicalPixels":{"width":2853.0,"height":2007.0},"padding":{"left":0.0,"top":0.0,"right":84.0,"bottom":0.0},"paddingAsymmetric":true,"viewInsets":{"left":0.0,"top":0.0,"right":0.0,"bottom":263.34502185795805},"viewPadding":{"left":0.0,"top":0.0,"right":84.0,"bottom":34.0},"displayFeatures":[],"orientation":"landscape","textScalerScaleOf14":14.0,"platformBrightness":"light","rootConstraints":{"minWidth":951.0,"maxWidth":951.0,"minHeight":669.0,"maxHeight":669.0},"lifecycle":{"state":"resumed","at":"2026-09-21T11:51:16.865220"},"portraitLocked":false}
flutter: [DUO_PROBE] didChangeMetrics at 2026-09-21T11:54:03.765899
flutter: [DUO_PROBE] didChangeMetrics at 2026-09-21T11:54:03.766687
flutter: [DUO_PROBE] snapshot {"condition":"12-inner-bottomsheet","rootBuilds":13,"size":{"width":951.0,"height":669.0},"devicePixelRatio":3.0,"physicalPixels":{"width":2853.0,"height":2007.0},"padding":{"left":0.0,"top":0.0,"right":84.0,"bottom":0.0},"paddingAsymmetric":true,"viewInsets":{"left":0.0,"top":0.0,"right":0.0,"bottom":263.53888182594955},"viewPadding":{"left":0.0,"top":0.0,"right":84.0,"bottom":34.0},"displayFeatures":[],"orientation":"landscape","textScalerScaleOf14":14.0,"platformBrightness":"light","rootConstraints":{"minWidth":951.0,"maxWidth":951.0,"minHeight":669.0,"maxHeight":669.0},"lifecycle":{"state":"resumed","at":"2026-09-21T11:51:16.865220"},"portraitLocked":false}
flutter: [DUO_PROBE] didChangeMetrics at 2026-09-21T11:54:03.782472
flutter: [DUO_PROBE] didChangeMetrics at 2026-09-21T11:54:03.783219
flutter: [DUO_PROBE] snapshot {"condition":"12-inner-bottomsheet","rootBuilds":13,"size":{"width":951.0,"height":669.0},"devicePixelRatio":3.0,"physicalPixels":{"width":2853.0,"height":2007.0},"padding":{"left":0.0,"top":0.0,"right":84.0,"bottom":0.0},"paddingAsymmetric":true,"viewInsets":{"left":0.0,"top":0.0,"right":0.0,"bottom":263.67590485244773},"viewPadding":{"left":0.0,"top":0.0,"right":84.0,"bottom":34.0},"displayFeatures":[],"orientation":"landscape","textScalerScaleOf14":14.0,"platformBrightness":"light","rootConstraints":{"minWidth":951.0,"maxWidth":951.0,"minHeight":669.0,"maxHeight":669.0},"lifecycle":{"state":"resumed","at":"2026-09-21T11:51:16.865220"},"portraitLocked":false}
flutter: [DUO_PROBE] didChangeMetrics at 2026-09-21T11:54:03.799133
flutter: [DUO_PROBE] didChangeMetrics at 2026-09-21T11:54:03.799873
flutter: [DUO_PROBE] snapshot {"condition":"12-inner-bottomsheet","rootBuilds":13,"size":{"width":951.0,"height":669.0},"devicePixelRatio":3.0,"physicalPixels":{"width":2853.0,"height":2007.0},"padding":{"left":0.0,"top":0.0,"right":84.0,"bottom":0.0},"paddingAsymmetric":true,"viewInsets":{"left":0.0,"top":0.0,"right":0.0,"bottom":263.77256174584664},"viewPadding":{"left":0.0,"top":0.0,"right":84.0,"bottom":34.0},"displayFeatures":[],"orientation":"landscape","textScalerScaleOf14":14.0,"platformBrightness":"light","rootConstraints":{"minWidth":951.0,"maxWidth":951.0,"minHeight":669.0,"maxHeight":669.0},"lifecycle":{"state":"resumed","at":"2026-09-21T11:51:16.865220"},"portraitLocked":false}
flutter: [DUO_PROBE] didChangeMetrics at 2026-09-21T11:54:03.815777
flutter: [DUO_PROBE] didChangeMetrics at 2026-09-21T11:54:03.816667
flutter: [DUO_PROBE] didChangeMetrics at 2026-09-21T11:54:03.816765
flutter: [DUO_PROBE] snapshot {"condition":"12-inner-bottomsheet","rootBuilds":13,"size":{"width":951.0,"height":669.0},"devicePixelRatio":3.0,"physicalPixels":{"width":2853.0,"height":2007.0},"padding":{"left":0.0,"top":0.0,"right":84.0,"bottom":0.0},"paddingAsymmetric":true,"viewInsets":{"left":0.0,"top":0.0,"right":0.0,"bottom":264.0},"viewPadding":{"left":0.0,"top":0.0,"right":84.0,"bottom":34.0},"displayFeatures":[],"orientation":"landscape","textScalerScaleOf14":14.0,"platformBrightness":"light","rootConstraints":{"minWidth":951.0,"maxWidth":951.0,"minHeight":669.0,"maxHeight":669.0},"lifecycle":{"state":"resumed","at":"2026-09-21T11:51:16.865220"},"portraitLocked":false}
flutter: [DUO_PROBE] didChangeMetrics at 2026-09-21T11:54:03.838631
flutter: [DUO_PROBE] command tab/0
flutter: [DUO_PROBE] didChangeMetrics at 2026-09-21T11:54:36.160625
flutter: [DUO_PROBE] didChangeMetrics at 2026-09-21T11:54:36.187328
flutter: [DUO_PROBE] didChangeMetrics at 2026-09-21T11:54:36.201496
flutter: [DUO_PROBE] snapshot {"condition":"12-inner-bottomsheet","rootBuilds":13,"size":{"width":951.0,"height":669.0},"devicePixelRatio":3.0,"physicalPixels":{"width":2853.0,"height":2007.0},"padding":{"left":0.0,"top":0.0,"right":84.0,"bottom":0.0},"paddingAsymmetric":true,"viewInsets":{"left":0.0,"top":0.0,"right":0.0,"bottom":206.49811954436007},"viewPadding":{"left":0.0,"top":0.0,"right":84.0,"bottom":34.0},"displayFeatures":[],"orientation":"landscape","textScalerScaleOf14":14.0,"platformBrightness":"light","rootConstraints":{"minWidth":951.0,"maxWidth":951.0,"minHeight":669.0,"maxHeight":669.0},"lifecycle":{"state":"resumed","at":"2026-09-21T11:51:16.865220"},"portraitLocked":false}
flutter: [DUO_PROBE] didChangeMetrics at 2026-09-21T11:54:36.219463
flutter: [DUO_PROBE] didChangeMetrics at 2026-09-21T11:54:36.232671
flutter: [DUO_PROBE] snapshot {"condition":"12-inner-bottomsheet","rootBuilds":13,"size":{"width":951.0,"height":669.0},"devicePixelRatio":3.0,"physicalPixels":{"width":2853.0,"height":2007.0},"padding":{"left":0.0,"top":0.0,"right":84.0,"bottom":0.0},"paddingAsymmetric":true,"viewInsets":{"left":0.0,"top":0.0,"right":0.0,"bottom":148.28660421628464},"viewPadding":{"left":0.0,"top":0.0,"right":84.0,"bottom":34.0},"displayFeatures":[],"orientation":"landscape","textScalerScaleOf14":14.0,"platformBrightness":"light","rootConstraints":{"minWidth":951.0,"maxWidth":951.0,"minHeight":669.0,"maxHeight":669.0},"lifecycle":{"state":"resumed","at":"2026-09-21T11:51:16.865220"},"portraitLocked":false}
flutter: [DUO_PROBE] didChangeMetrics at 2026-09-21T11:54:36.249386
flutter: [DUO_PROBE] didChangeMetrics at 2026-09-21T11:54:36.250488
flutter: [DUO_PROBE] snapshot {"condition":"12-inner-bottomsheet","rootBuilds":13,"size":{"width":951.0,"height":669.0},"devicePixelRatio":3.0,"physicalPixels":{"width":2853.0,"height":2007.0},"padding":{"left":0.0,"top":0.0,"right":84.0,"bottom":0.0},"paddingAsymmetric":true,"viewInsets":{"left":0.0,"top":0.0,"right":0.0,"bottom":115.93247709914523},"viewPadding":{"left":0.0,"top":0.0,"right":84.0,"bottom":34.0},"displayFeatures":[],"orientation":"landscape","textScalerScaleOf14":14.0,"platformBrightness":"light","rootConstraints":{"minWidth":951.0,"maxWidth":951.0,"minHeight":669.0,"maxHeight":669.0},"lifecycle":{"state":"resumed","at":"2026-09-21T11:51:16.865220"},"portraitLocked":false}
flutter: [DUO_PROBE] didChangeMetrics at 2026-09-21T11:54:36.266014
flutter: [DUO_PROBE] didChangeMetrics at 2026-09-21T11:54:36.266860
flutter: [DUO_PROBE] snapshot {"condition":"12-inner-bottomsheet","rootBuilds":13,"size":{"width":951.0,"height":669.0},"devicePixelRatio":3.0,"physicalPixels":{"width":2853.0,"height":2007.0},"padding":{"left":0.0,"top":0.0,"right":84.0,"bottom":0.0},"paddingAsymmetric":true,"viewInsets":{"left":0.0,"top":0.0,"right":0.0,"bottom":88.95414541355758},"viewPadding":{"left":0.0,"top":0.0,"right":84.0,"bottom":34.0},"displayFeatures":[],"orientation":"landscape","textScalerScaleOf14":14.0,"platformBrightness":"light","rootConstraints":{"minWidth":951.0,"maxWidth":951.0,"minHeight":669.0,"maxHeight":669.0},"lifecycle":{"state":"resumed","at":"2026-09-21T11:51:16.865220"},"portraitLocked":false}
flutter: [DUO_PROBE] didChangeMetrics at 2026-09-21T11:54:36.282685
flutter: [DUO_PROBE] didChangeMetrics at 2026-09-21T11:54:36.283903
flutter: [DUO_PROBE] snapshot {"condition":"12-inner-bottomsheet","rootBuilds":13,"size":{"width":951.0,"height":669.0},"devicePixelRatio":3.0,"physicalPixels":{"width":2853.0,"height":2007.0},"padding":{"left":0.0,"top":0.0,"right":84.0,"bottom":0.0},"paddingAsymmetric":true,"viewInsets":{"left":0.0,"top":0.0,"right":0.0,"bottom":67.27202489206796},"viewPadding":{"left":0.0,"top":0.0,"right":84.0,"bottom":34.0},"displayFeatures":[],"orientation":"landscape","textScalerScaleOf14":14.0,"platformBrightness":"light","rootConstraints":{"minWidth":951.0,"maxWidth":951.0,"minHeight":669.0,"maxHeight":669.0},"lifecycle":{"state":"resumed","at":"2026-09-21T11:51:16.865220"},"portraitLocked":false}
flutter: [DUO_PROBE] didChangeMetrics at 2026-09-21T11:54:36.299833
flutter: [DUO_PROBE] snapshot {"condition":"12-inner-bottomsheet","rootBuilds":13,"size":{"width":951.0,"height":669.0},"devicePixelRatio":3.0,"physicalPixels":{"width":2853.0,"height":2007.0},"padding":{"left":0.0,"top":0.0,"right":84.0,"bottom":0.0},"paddingAsymmetric":true,"viewInsets":{"left":0.0,"top":0.0,"right":0.0,"bottom":50.2913261304262},"viewPadding":{"left":0.0,"top":0.0,"right":84.0,"bottom":34.0},"displayFeatures":[],"orientation":"landscape","textScalerScaleOf14":14.0,"platformBrightness":"light","rootConstraints":{"minWidth":951.0,"maxWidth":951.0,"minHeight":669.0,"maxHeight":669.0},"lifecycle":{"state":"resumed","at":"2026-09-21T11:51:16.865220"},"portraitLocked":false}
flutter: [DUO_PROBE] didChangeMetrics at 2026-09-21T11:54:36.316328
flutter: [DUO_PROBE] snapshot {"condition":"12-inner-bottomsheet","rootBuilds":13,"size":{"width":951.0,"height":669.0},"devicePixelRatio":3.0,"physicalPixels":{"width":2853.0,"height":2007.0},"padding":{"left":0.0,"top":0.0,"right":84.0,"bottom":0.0},"paddingAsymmetric":true,"viewInsets":{"left":0.0,"top":0.0,"right":0.0,"bottom":37.24505735709862},"viewPadding":{"left":0.0,"top":0.0,"right":84.0,"bottom":34.0},"displayFeatures":[],"orientation":"landscape","textScalerScaleOf14":14.0,"platformBrightness":"light","rootConstraints":{"minWidth":951.0,"maxWidth":951.0,"minHeight":669.0,"maxHeight":669.0},"lifecycle":{"state":"resumed","at":"2026-09-21T11:51:16.865220"},"portraitLocked":false}
flutter: [DUO_PROBE] didChangeMetrics at 2026-09-21T11:54:36.333067
flutter: [DUO_PROBE] snapshot {"condition":"12-inner-bottomsheet","rootBuilds":13,"size":{"width":951.0,"height":669.0},"devicePixelRatio":3.0,"physicalPixels":{"width":2853.0,"height":2007.0},"padding":{"left":0.0,"top":0.0,"right":84.0,"bottom":6.631413230139079},"paddingAsymmetric":true,"viewInsets":{"left":0.0,"top":0.0,"right":0.0,"bottom":27.368586769860922},"viewPadding":{"left":0.0,"top":0.0,"right":84.0,"bottom":34.0},"displayFeatures":[],"orientation":"landscape","textScalerScaleOf14":14.0,"platformBrightness":"light","rootConstraints":{"minWidth":951.0,"maxWidth":951.0,"minHeight":669.0,"maxHeight":669.0},"lifecycle":{"state":"resumed","at":"2026-09-21T11:51:16.865220"},"portraitLocked":false}
flutter: [DUO_PROBE] didChangeMetrics at 2026-09-21T11:54:36.349797
flutter: [DUO_PROBE] snapshot {"condition":"12-inner-bottomsheet","rootBuilds":13,"size":{"width":951.0,"height":669.0},"devicePixelRatio":3.0,"physicalPixels":{"width":2853.0,"height":2007.0},"padding":{"left":0.0,"top":0.0,"right":84.0,"bottom":14.021008675425973},"paddingAsymmetric":true,"viewInsets":{"left":0.0,"top":0.0,"right":0.0,"bottom":19.97899132457403},"viewPadding":{"left":0.0,"top":0.0,"right":84.0,"bottom":34.0},"displayFeatures":[],"orientation":"landscape","textScalerScaleOf14":14.0,"platformBrightness":"light","rootConstraints":{"minWidth":951.0,"maxWidth":951.0,"minHeight":669.0,"maxHeight":669.0},"lifecycle":{"state":"resumed","at":"2026-09-21T11:51:16.865220"},"portraitLocked":false}
flutter: [DUO_PROBE] didChangeMetrics at 2026-09-21T11:54:36.366449
flutter: [DUO_PROBE] snapshot {"condition":"12-inner-bottomsheet","rootBuilds":13,"size":{"width":951.0,"height":669.0},"devicePixelRatio":3.0,"physicalPixels":{"width":2853.0,"height":2007.0},"padding":{"left":0.0,"top":0.0,"right":84.0,"bottom":19.497378157328665},"paddingAsymmetric":true,"viewInsets":{"left":0.0,"top":0.0,"right":0.0,"bottom":14.502621842671333},"viewPadding":{"left":0.0,"top":0.0,"right":84.0,"bottom":34.0},"displayFeatures":[],"orientation":"landscape","textScalerScaleOf14":14.0,"platformBrightness":"light","rootConstraints":{"minWidth":951.0,"maxWidth":951.0,"minHeight":669.0,"maxHeight":669.0},"lifecycle":{"state":"resumed","at":"2026-09-21T11:51:16.865220"},"portraitLocked":false}
flutter: [DUO_PROBE] didChangeMetrics at 2026-09-21T11:54:36.383092
flutter: [DUO_PROBE] snapshot {"condition":"12-inner-bottomsheet","rootBuilds":13,"size":{"width":951.0,"height":669.0},"devicePixelRatio":3.0,"physicalPixels":{"width":2853.0,"height":2007.0},"padding":{"left":0.0,"top":0.0,"right":84.0,"bottom":23.523850883654934},"paddingAsymmetric":true,"viewInsets":{"left":0.0,"top":0.0,"right":0.0,"bottom":10.476149116345063},"viewPadding":{"left":0.0,"top":0.0,"right":84.0,"bottom":34.0},"displayFeatures":[],"orientation":"landscape","textScalerScaleOf14":14.0,"platformBrightness":"light","rootConstraints":{"minWidth":951.0,"maxWidth":951.0,"minHeight":669.0,"maxHeight":669.0},"lifecycle":{"state":"resumed","at":"2026-09-21T11:51:16.865220"},"portraitLocked":false}
flutter: [DUO_PROBE] didChangeMetrics at 2026-09-21T11:54:36.399836
flutter: [DUO_PROBE] didChangeMetrics at 2026-09-21T11:54:36.415943
flutter: [DUO_PROBE] snapshot {"condition":"12-inner-bottomsheet","rootBuilds":13,"size":{"width":951.0,"height":669.0},"devicePixelRatio":3.0,"physicalPixels":{"width":2853.0,"height":2007.0},"padding":{"left":0.0,"top":0.0,"right":84.0,"bottom":28.600150396577835},"paddingAsymmetric":true,"viewInsets":{"left":0.0,"top":0.0,"right":0.0,"bottom":5.399849603422163},"viewPadding":{"left":0.0,"top":0.0,"right":84.0,"bottom":34.0},"displayFeatures":[],"orientation":"landscape","textScalerScaleOf14":14.0,"platformBrightness":"light","rootConstraints":{"minWidth":951.0,"maxWidth":951.0,"minHeight":669.0,"maxHeight":669.0},"lifecycle":{"state":"resumed","at":"2026-09-21T11:51:16.865220"},"portraitLocked":false}
flutter: [DUO_PROBE] didChangeMetrics at 2026-09-21T11:54:36.433091
flutter: [DUO_PROBE] didChangeMetrics at 2026-09-21T11:54:36.449376
flutter: [DUO_PROBE] snapshot {"condition":"12-inner-bottomsheet","rootBuilds":13,"size":{"width":951.0,"height":669.0},"devicePixelRatio":3.0,"physicalPixels":{"width":2853.0,"height":2007.0},"padding":{"left":0.0,"top":0.0,"right":84.0,"bottom":31.25372707353345},"paddingAsymmetric":true,"viewInsets":{"left":0.0,"top":0.0,"right":0.0,"bottom":2.7462729264665477},"viewPadding":{"left":0.0,"top":0.0,"right":84.0,"bottom":34.0},"displayFeatures":[],"orientation":"landscape","textScalerScaleOf14":14.0,"platformBrightness":"light","rootConstraints":{"minWidth":951.0,"maxWidth":951.0,"minHeight":669.0,"maxHeight":669.0},"lifecycle":{"state":"resumed","at":"2026-09-21T11:51:16.865220"},"portraitLocked":false}
flutter: [DUO_PROBE] didChangeMetrics at 2026-09-21T11:54:36.466711
flutter: [DUO_PROBE] didChangeMetrics at 2026-09-21T11:54:36.482591
flutter: [DUO_PROBE] snapshot {"condition":"12-inner-bottomsheet","rootBuilds":13,"size":{"width":951.0,"height":669.0},"devicePixelRatio":3.0,"physicalPixels":{"width":2853.0,"height":2007.0},"padding":{"left":0.0,"top":0.0,"right":84.0,"bottom":32.61823196473833},"paddingAsymmetric":true,"viewInsets":{"left":0.0,"top":0.0,"right":0.0,"bottom":1.3817680352616717},"viewPadding":{"left":0.0,"top":0.0,"right":84.0,"bottom":34.0},"displayFeatures":[],"orientation":"landscape","textScalerScaleOf14":14.0,"platformBrightness":"light","rootConstraints":{"minWidth":951.0,"maxWidth":951.0,"minHeight":669.0,"maxHeight":669.0},"lifecycle":{"state":"resumed","at":"2026-09-21T11:51:16.865220"},"portraitLocked":false}
flutter: [DUO_PROBE] didChangeMetrics at 2026-09-21T11:54:36.500040
flutter: [DUO_PROBE] didChangeMetrics at 2026-09-21T11:54:36.515963
flutter: [DUO_PROBE] snapshot {"condition":"12-inner-bottomsheet","rootBuilds":13,"size":{"width":951.0,"height":669.0},"devicePixelRatio":3.0,"physicalPixels":{"width":2853.0,"height":2007.0},"padding":{"left":0.0,"top":0.0,"right":84.0,"bottom":33.31088100449658},"paddingAsymmetric":true,"viewInsets":{"left":0.0,"top":0.0,"right":0.0,"bottom":0.6891189955034229},"viewPadding":{"left":0.0,"top":0.0,"right":84.0,"bottom":34.0},"displayFeatures":[],"orientation":"landscape","textScalerScaleOf14":14.0,"platformBrightness":"light","rootConstraints":{"minWidth":951.0,"maxWidth":951.0,"minHeight":669.0,"maxHeight":669.0},"lifecycle":{"state":"resumed","at":"2026-09-21T11:51:16.865220"},"portraitLocked":false}
flutter: [DUO_PROBE] didChangeMetrics at 2026-09-21T11:54:36.533294
flutter: [DUO_PROBE] didChangeMetrics at 2026-09-21T11:54:36.549345
flutter: [DUO_PROBE] snapshot {"condition":"12-inner-bottomsheet","rootBuilds":13,"size":{"width":951.0,"height":669.0},"devicePixelRatio":3.0,"physicalPixels":{"width":2853.0,"height":2007.0},"padding":{"left":0.0,"top":0.0,"right":84.0,"bottom":33.65884482184545},"paddingAsymmetric":true,"viewInsets":{"left":0.0,"top":0.0,"right":0.0,"bottom":0.3411551781545523},"viewPadding":{"left":0.0,"top":0.0,"right":84.0,"bottom":34.0},"displayFeatures":[],"orientation":"landscape","textScalerScaleOf14":14.0,"platformBrightness":"light","rootConstraints":{"minWidth":951.0,"maxWidth":951.0,"minHeight":669.0,"maxHeight":669.0},"lifecycle":{"state":"resumed","at":"2026-09-21T11:51:16.865220"},"portraitLocked":false}
flutter: [DUO_PROBE] didChangeMetrics at 2026-09-21T11:54:36.566696
flutter: [DUO_PROBE] didChangeMetrics at 2026-09-21T11:54:36.582608
flutter: [DUO_PROBE] snapshot {"condition":"12-inner-bottomsheet","rootBuilds":13,"size":{"width":951.0,"height":669.0},"devicePixelRatio":3.0,"physicalPixels":{"width":2853.0,"height":2007.0},"padding":{"left":0.0,"top":0.0,"right":84.0,"bottom":33.83216004974842},"paddingAsymmetric":true,"viewInsets":{"left":0.0,"top":0.0,"right":0.0,"bottom":0.1678399502515843},"viewPadding":{"left":0.0,"top":0.0,"right":84.0,"bottom":34.0},"displayFeatures":[],"orientation":"landscape","textScalerScaleOf14":14.0,"platformBrightness":"light","rootConstraints":{"minWidth":951.0,"maxWidth":951.0,"minHeight":669.0,"maxHeight":669.0},"lifecycle":{"state":"resumed","at":"2026-09-21T11:51:16.865220"},"portraitLocked":false}
flutter: [DUO_PROBE] didChangeMetrics at 2026-09-21T11:54:36.599788
flutter: [DUO_PROBE] didChangeMetrics at 2026-09-21T11:54:36.599980
flutter: [DUO_PROBE] didChangeMetrics at 2026-09-21T11:54:36.616106
flutter: [DUO_PROBE] snapshot {"condition":"12-inner-bottomsheet","rootBuilds":13,"size":{"width":951.0,"height":669.0},"devicePixelRatio":3.0,"physicalPixels":{"width":2853.0,"height":2007.0},"padding":{"left":0.0,"top":0.0,"right":84.0,"bottom":34.0},"paddingAsymmetric":true,"viewInsets":{"left":0.0,"top":0.0,"right":0.0,"bottom":0.0},"viewPadding":{"left":0.0,"top":0.0,"right":84.0,"bottom":34.0},"displayFeatures":[],"orientation":"landscape","textScalerScaleOf14":14.0,"platformBrightness":"light","rootConstraints":{"minWidth":951.0,"maxWidth":951.0,"minHeight":669.0,"maxHeight":669.0},"lifecycle":{"state":"resumed","at":"2026-09-21T11:51:16.865220"},"portraitLocked":false}
flutter: [DUO_PROBE] command condition/04-inner-open-landscape
flutter: [DUO_PROBE] snapshot {"condition":"04-inner-open-landscape","rootBuilds":14,"size":{"width":951.0,"height":669.0},"devicePixelRatio":3.0,"physicalPixels":{"width":2853.0,"height":2007.0},"padding":{"left":0.0,"top":0.0,"right":84.0,"bottom":34.0},"paddingAsymmetric":true,"viewInsets":{"left":0.0,"top":0.0,"right":0.0,"bottom":0.0},"viewPadding":{"left":0.0,"top":0.0,"right":84.0,"bottom":34.0},"displayFeatures":[],"orientation":"landscape","textScalerScaleOf14":14.0,"platformBrightness":"light","rootConstraints":{"minWidth":951.0,"maxWidth":951.0,"minHeight":669.0,"maxHeight":669.0},"lifecycle":{"state":"resumed","at":"2026-09-21T11:51:16.865220"},"portraitLocked":false}
flutter: [DUO_PROBE] command tab/2
flutter: [DUO_PROBE] didChangeMetrics at 2026-09-21T11:54:43.362844
flutter: [DUO_PROBE] command condition/13-inner-layout-16-9
flutter: [DUO_PROBE] snapshot {"condition":"13-inner-layout-16-9","rootBuilds":15,"size":{"width":951.0,"height":669.0},"devicePixelRatio":3.0,"physicalPixels":{"width":2853.0,"height":2007.0},"padding":{"left":0.0,"top":0.0,"right":84.0,"bottom":34.0},"paddingAsymmetric":true,"viewInsets":{"left":0.0,"top":0.0,"right":0.0,"bottom":0.0},"viewPadding":{"left":0.0,"top":0.0,"right":84.0,"bottom":34.0},"displayFeatures":[],"orientation":"landscape","textScalerScaleOf14":14.0,"platformBrightness":"light","rootConstraints":{"minWidth":951.0,"maxWidth":951.0,"minHeight":669.0,"maxHeight":669.0},"lifecycle":{"state":"resumed","at":"2026-09-21T11:51:16.865220"},"portraitLocked":false}
flutter: [DUO_PROBE] command tab/3
flutter: [DUO_PROBE] didChangeMetrics at 2026-09-21T11:54:50.950590
flutter: [DUO_PROBE] command condition/14-inner-state-before-fold
flutter: [DUO_PROBE] snapshot {"condition":"14-inner-state-before-fold","rootBuilds":16,"size":{"width":951.0,"height":669.0},"devicePixelRatio":3.0,"physicalPixels":{"width":2853.0,"height":2007.0},"padding":{"left":0.0,"top":0.0,"right":84.0,"bottom":34.0},"paddingAsymmetric":true,"viewInsets":{"left":0.0,"top":0.0,"right":0.0,"bottom":0.0},"viewPadding":{"left":0.0,"top":0.0,"right":84.0,"bottom":34.0},"displayFeatures":[],"orientation":"landscape","textScalerScaleOf14":14.0,"platformBrightness":"light","rootConstraints":{"minWidth":951.0,"maxWidth":951.0,"minHeight":669.0,"maxHeight":669.0},"lifecycle":{"state":"resumed","at":"2026-09-21T11:51:16.865220"},"portraitLocked":false}
flutter: [DUO_PROBE] command tab/1
flutter: [DUO_PROBE] didChangeMetrics at 2026-09-21T11:57:18.261591
flutter: [DUO_PROBE] command keyboard
flutter: [DUO_PROBE] command condition/09-inner-keyboard
flutter: [DUO_PROBE] snapshot {"condition":"09-inner-keyboard","rootBuilds":17,"size":{"width":951.0,"height":669.0},"devicePixelRatio":3.0,"physicalPixels":{"width":2853.0,"height":2007.0},"padding":{"left":0.0,"top":0.0,"right":84.0,"bottom":34.0},"paddingAsymmetric":true,"viewInsets":{"left":0.0,"top":0.0,"right":0.0,"bottom":0.0},"viewPadding":{"left":0.0,"top":0.0,"right":84.0,"bottom":34.0},"displayFeatures":[],"orientation":"landscape","textScalerScaleOf14":14.0,"platformBrightness":"light","rootConstraints":{"minWidth":951.0,"maxWidth":951.0,"minHeight":669.0,"maxHeight":669.0},"lifecycle":{"state":"resumed","at":"2026-09-21T11:51:16.865220"},"portraitLocked":false}
flutter: [DUO_PROBE] didChangeMetrics at 2026-09-21T11:57:23.052952
flutter: [DUO_PROBE] didChangeMetrics at 2026-09-21T11:57:23.501784
flutter: [DUO_PROBE] didChangeMetrics at 2026-09-21T11:57:23.878799
flutter: [DUO_PROBE] snapshot {"condition":"09-inner-keyboard","rootBuilds":17,"size":{"width":951.0,"height":669.0},"devicePixelRatio":3.0,"physicalPixels":{"width":2853.0,"height":2007.0},"padding":{"left":0.0,"top":0.0,"right":84.0,"bottom":27.196270978078246},"paddingAsymmetric":true,"viewInsets":{"left":0.0,"top":0.0,"right":0.0,"bottom":6.803729021921754},"viewPadding":{"left":0.0,"top":0.0,"right":84.0,"bottom":34.0},"displayFeatures":[],"orientation":"landscape","textScalerScaleOf14":14.0,"platformBrightness":"light","rootConstraints":{"minWidth":951.0,"maxWidth":951.0,"minHeight":669.0,"maxHeight":669.0},"lifecycle":{"state":"resumed","at":"2026-09-21T11:51:16.865220"},"portraitLocked":false}
flutter: [DUO_PROBE] didChangeMetrics at 2026-09-21T11:57:23.929725
flutter: [DUO_PROBE] snapshot {"condition":"09-inner-keyboard","rootBuilds":17,"size":{"width":951.0,"height":669.0},"devicePixelRatio":3.0,"physicalPixels":{"width":2853.0,"height":2007.0},"padding":{"left":0.0,"top":0.0,"right":84.0,"bottom":0.6920753866434097},"paddingAsymmetric":true,"viewInsets":{"left":0.0,"top":0.0,"right":0.0,"bottom":33.30792461335659},"viewPadding":{"left":0.0,"top":0.0,"right":84.0,"bottom":34.0},"displayFeatures":[],"orientation":"landscape","textScalerScaleOf14":14.0,"platformBrightness":"light","rootConstraints":{"minWidth":951.0,"maxWidth":951.0,"minHeight":669.0,"maxHeight":669.0},"lifecycle":{"state":"resumed","at":"2026-09-21T11:51:16.865220"},"portraitLocked":false}
flutter: [DUO_PROBE] didChangeMetrics at 2026-09-21T11:57:23.950447
flutter: [DUO_PROBE] snapshot {"condition":"09-inner-keyboard","rootBuilds":17,"size":{"width":951.0,"height":669.0},"devicePixelRatio":3.0,"physicalPixels":{"width":2853.0,"height":2007.0},"padding":{"left":0.0,"top":0.0,"right":84.0,"bottom":0.0},"paddingAsymmetric":true,"viewInsets":{"left":0.0,"top":0.0,"right":0.0,"bottom":50.267040342092514},"viewPadding":{"left":0.0,"top":0.0,"right":84.0,"bottom":34.0},"displayFeatures":[],"orientation":"landscape","textScalerScaleOf14":14.0,"platformBrightness":"light","rootConstraints":{"minWidth":951.0,"maxWidth":951.0,"minHeight":669.0,"maxHeight":669.0},"lifecycle":{"state":"resumed","at":"2026-09-21T11:51:16.865220"},"portraitLocked":false}
flutter: [DUO_PROBE] didChangeMetrics at 2026-09-21T11:57:23.968500
flutter: [DUO_PROBE] snapshot {"condition":"09-inner-keyboard","rootBuilds":17,"size":{"width":951.0,"height":669.0},"devicePixelRatio":3.0,"physicalPixels":{"width":2853.0,"height":2007.0},"padding":{"left":0.0,"top":0.0,"right":84.0,"bottom":0.0},"paddingAsymmetric":true,"viewInsets":{"left":0.0,"top":0.0,"right":0.0,"bottom":67.37905803322792},"viewPadding":{"left":0.0,"top":0.0,"right":84.0,"bottom":34.0},"displayFeatures":[],"orientation":"landscape","textScalerScaleOf14":14.0,"platformBrightness":"light","rootConstraints":{"minWidth":951.0,"maxWidth":951.0,"minHeight":669.0,"maxHeight":669.0},"lifecycle":{"state":"resumed","at":"2026-09-21T11:51:16.865220"},"portraitLocked":false}
flutter: [DUO_PROBE] didChangeMetrics at 2026-09-21T11:57:23.984979
flutter: [DUO_PROBE] didChangeMetrics at 2026-09-21T11:57:24.017636
flutter: [DUO_PROBE] snapshot {"condition":"09-inner-keyboard","rootBuilds":17,"size":{"width":951.0,"height":669.0},"devicePixelRatio":3.0,"physicalPixels":{"width":2853.0,"height":2007.0},"padding":{"left":0.0,"top":0.0,"right":84.0,"bottom":0.0},"paddingAsymmetric":true,"viewInsets":{"left":0.0,"top":0.0,"right":0.0,"bottom":122.01576599478722},"viewPadding":{"left":0.0,"top":0.0,"right":84.0,"bottom":34.0},"displayFeatures":[],"orientation":"landscape","textScalerScaleOf14":14.0,"platformBrightness":"light","rootConstraints":{"minWidth":951.0,"maxWidth":951.0,"minHeight":669.0,"maxHeight":669.0},"lifecycle":{"state":"resumed","at":"2026-09-21T11:51:16.865220"},"portraitLocked":false}
flutter: [DUO_PROBE] didChangeMetrics at 2026-09-21T11:57:24.035670
flutter: [DUO_PROBE] didChangeMetrics at 2026-09-21T11:57:24.037238
flutter: [DUO_PROBE] didChangeMetrics at 2026-09-21T11:57:24.067232
flutter: [DUO_PROBE] snapshot {"condition":"09-inner-keyboard","rootBuilds":17,"size":{"width":951.0,"height":669.0},"devicePixelRatio":3.0,"physicalPixels":{"width":2853.0,"height":2007.0},"padding":{"left":0.0,"top":0.0,"right":84.0,"bottom":0.0},"paddingAsymmetric":true,"viewInsets":{"left":0.0,"top":0.0,"right":0.0,"bottom":180.5606705546379},"viewPadding":{"left":0.0,"top":0.0,"right":84.0,"bottom":34.0},"displayFeatures":[],"orientation":"landscape","textScalerScaleOf14":14.0,"platformBrightness":"light","rootConstraints":{"minWidth":951.0,"maxWidth":951.0,"minHeight":669.0,"maxHeight":669.0},"lifecycle":{"state":"resumed","at":"2026-09-21T11:51:16.865220"},"portraitLocked":false}
flutter: [DUO_PROBE] didChangeMetrics at 2026-09-21T11:57:24.084544
flutter: [DUO_PROBE] didChangeMetrics at 2026-09-21T11:57:24.086116
flutter: [DUO_PROBE] snapshot {"condition":"09-inner-keyboard","rootBuilds":17,"size":{"width":951.0,"height":669.0},"devicePixelRatio":3.0,"physicalPixels":{"width":2853.0,"height":2007.0},"padding":{"left":0.0,"top":0.0,"right":84.0,"bottom":0.0},"paddingAsymmetric":true,"viewInsets":{"left":0.0,"top":0.0,"right":0.0,"bottom":200.65763247013092},"viewPadding":{"left":0.0,"top":0.0,"right":84.0,"bottom":34.0},"displayFeatures":[],"orientation":"landscape","textScalerScaleOf14":14.0,"platformBrightness":"light","rootConstraints":{"minWidth":951.0,"maxWidth":951.0,"minHeight":669.0,"maxHeight":669.0},"lifecycle":{"state":"resumed","at":"2026-09-21T11:51:16.865220"},"portraitLocked":false}
flutter: [DUO_PROBE] didChangeMetrics at 2026-09-21T11:57:24.107168
flutter: [DUO_PROBE] didChangeMetrics at 2026-09-21T11:57:24.108666
flutter: [DUO_PROBE] didChangeMetrics at 2026-09-21T11:57:24.134168
flutter: [DUO_PROBE] snapshot {"condition":"09-inner-keyboard","rootBuilds":17,"size":{"width":951.0,"height":669.0},"devicePixelRatio":3.0,"physicalPixels":{"width":2853.0,"height":2007.0},"padding":{"left":0.0,"top":0.0,"right":84.0,"bottom":0.0},"paddingAsymmetric":true,"viewInsets":{"left":0.0,"top":0.0,"right":0.0,"bottom":240.31552612781525},"viewPadding":{"left":0.0,"top":0.0,"right":84.0,"bottom":34.0},"displayFeatures":[],"orientation":"landscape","textScalerScaleOf14":14.0,"platformBrightness":"light","rootConstraints":{"minWidth":951.0,"maxWidth":951.0,"minHeight":669.0,"maxHeight":669.0},"lifecycle":{"state":"resumed","at":"2026-09-21T11:51:16.865220"},"portraitLocked":false}
flutter: [DUO_PROBE] didChangeMetrics at 2026-09-21T11:57:24.150634
flutter: [DUO_PROBE] didChangeMetrics at 2026-09-21T11:57:24.152077
flutter: [DUO_PROBE] snapshot {"condition":"09-inner-keyboard","rootBuilds":17,"size":{"width":951.0,"height":669.0},"devicePixelRatio":3.0,"physicalPixels":{"width":2853.0,"height":2007.0},"padding":{"left":0.0,"top":0.0,"right":84.0,"bottom":0.0},"paddingAsymmetric":true,"viewInsets":{"left":0.0,"top":0.0,"right":0.0,"bottom":250.78815078735352},"viewPadding":{"left":0.0,"top":0.0,"right":84.0,"bottom":34.0},"displayFeatures":[],"orientation":"landscape","textScalerScaleOf14":14.0,"platformBrightness":"light","rootConstraints":{"minWidth":951.0,"maxWidth":951.0,"minHeight":669.0,"maxHeight":669.0},"lifecycle":{"state":"resumed","at":"2026-09-21T11:51:16.865220"},"portraitLocked":false}
flutter: [DUO_PROBE] didChangeMetrics at 2026-09-21T11:57:24.167430
flutter: [DUO_PROBE] didChangeMetrics at 2026-09-21T11:57:24.168439
flutter: [DUO_PROBE] snapshot {"condition":"09-inner-keyboard","rootBuilds":17,"size":{"width":951.0,"height":669.0},"devicePixelRatio":3.0,"physicalPixels":{"width":2853.0,"height":2007.0},"padding":{"left":0.0,"top":0.0,"right":84.0,"bottom":0.0},"paddingAsymmetric":true,"viewInsets":{"left":0.0,"top":0.0,"right":0.0,"bottom":257.95900654792786},"viewPadding":{"left":0.0,"top":0.0,"right":84.0,"bottom":34.0},"displayFeatures":[],"orientation":"landscape","textScalerScaleOf14":14.0,"platformBrightness":"light","rootConstraints":{"minWidth":951.0,"maxWidth":951.0,"minHeight":669.0,"maxHeight":669.0},"lifecycle":{"state":"resumed","at":"2026-09-21T11:51:16.865220"},"portraitLocked":false}
flutter: [DUO_PROBE] didChangeMetrics at 2026-09-21T11:57:24.184085
flutter: [DUO_PROBE] didChangeMetrics at 2026-09-21T11:57:24.185229
flutter: [DUO_PROBE] snapshot {"condition":"09-inner-keyboard","rootBuilds":17,"size":{"width":951.0,"height":669.0},"devicePixelRatio":3.0,"physicalPixels":{"width":2853.0,"height":2007.0},"padding":{"left":0.0,"top":0.0,"right":84.0,"bottom":0.0},"paddingAsymmetric":true,"viewInsets":{"left":0.0,"top":0.0,"right":0.0,"bottom":263.07451236248016},"viewPadding":{"left":0.0,"top":0.0,"right":84.0,"bottom":34.0},"displayFeatures":[],"orientation":"landscape","textScalerScaleOf14":14.0,"platformBrightness":"light","rootConstraints":{"minWidth":951.0,"maxWidth":951.0,"minHeight":669.0,"maxHeight":669.0},"lifecycle":{"state":"resumed","at":"2026-09-21T11:51:16.865220"},"portraitLocked":false}
flutter: [DUO_PROBE] didChangeMetrics at 2026-09-21T11:57:24.202828
flutter: [DUO_PROBE] didChangeMetrics at 2026-09-21T11:57:24.203943
flutter: [DUO_PROBE] snapshot {"condition":"09-inner-keyboard","rootBuilds":17,"size":{"width":951.0,"height":669.0},"devicePixelRatio":3.0,"physicalPixels":{"width":2853.0,"height":2007.0},"padding":{"left":0.0,"top":0.0,"right":84.0,"bottom":0.0},"paddingAsymmetric":true,"viewInsets":{"left":0.0,"top":0.0,"right":0.0,"bottom":266.267665207386},"viewPadding":{"left":0.0,"top":0.0,"right":84.0,"bottom":34.0},"displayFeatures":[],"orientation":"landscape","textScalerScaleOf14":14.0,"platformBrightness":"light","rootConstraints":{"minWidth":951.0,"maxWidth":951.0,"minHeight":669.0,"maxHeight":669.0},"lifecycle":{"state":"resumed","at":"2026-09-21T11:51:16.865220"},"portraitLocked":false}
flutter: [DUO_PROBE] didChangeMetrics at 2026-09-21T11:57:24.217201
flutter: [DUO_PROBE] didChangeMetrics at 2026-09-21T11:57:24.218427
flutter: [DUO_PROBE] didChangeMetrics at 2026-09-21T11:57:24.220185
flutter: [DUO_PROBE] snapshot {"condition":"09-inner-keyboard","rootBuilds":17,"size":{"width":951.0,"height":669.0},"devicePixelRatio":3.0,"physicalPixels":{"width":2853.0,"height":2007.0},"padding":{"left":0.0,"top":0.0,"right":84.0,"bottom":0.0},"paddingAsymmetric":true,"viewInsets":{"left":0.0,"top":0.0,"right":0.0,"bottom":267.0},"viewPadding":{"left":0.0,"top":0.0,"right":84.0,"bottom":34.0},"displayFeatures":[],"orientation":"landscape","textScalerScaleOf14":14.0,"platformBrightness":"light","rootConstraints":{"minWidth":951.0,"maxWidth":951.0,"minHeight":669.0,"maxHeight":669.0},"lifecycle":{"state":"resumed","at":"2026-09-21T11:51:16.865220"},"portraitLocked":false}
flutter: [DUO_PROBE] didChangeMetrics at 2026-09-21T11:57:24.234152
flutter: [DUO_PROBE] didChangeMetrics at 2026-09-21T11:57:54.955431
flutter: [DUO_PROBE] didChangeMetrics at 2026-09-21T11:57:54.982974
flutter: [DUO_PROBE] snapshot {"condition":"09-inner-keyboard","rootBuilds":17,"size":{"width":951.0,"height":669.0},"devicePixelRatio":3.0,"physicalPixels":{"width":2853.0,"height":2007.0},"padding":{"left":0.0,"top":0.0,"right":84.0,"bottom":0.0},"paddingAsymmetric":true,"viewInsets":{"left":0.0,"top":0.0,"right":0.0,"bottom":264.0},"viewPadding":{"left":0.0,"top":0.0,"right":84.0,"bottom":34.0},"displayFeatures":[],"orientation":"landscape","textScalerScaleOf14":14.0,"platformBrightness":"light","rootConstraints":{"minWidth":951.0,"maxWidth":951.0,"minHeight":669.0,"maxHeight":669.0},"lifecycle":{"state":"resumed","at":"2026-09-21T11:51:16.865220"},"portraitLocked":false}
flutter: [DUO_PROBE] didChangeMetrics at 2026-09-21T11:57:55.001235
flutter: [DUO_PROBE] didChangeMetrics at 2026-09-21T11:57:55.004625
flutter: [DUO_PROBE] didChangeMetrics at 2026-09-21T11:57:59.885161
flutter: [DUO_PROBE] didChangeMetrics at 2026-09-21T11:57:59.909936
flutter: [DUO_PROBE] didChangeMetrics at 2026-09-21T11:57:59.918990
flutter: [DUO_PROBE] snapshot {"condition":"09-inner-keyboard","rootBuilds":17,"size":{"width":951.0,"height":669.0},"devicePixelRatio":3.0,"physicalPixels":{"width":2853.0,"height":2007.0},"padding":{"left":0.0,"top":0.0,"right":84.0,"bottom":0.0},"paddingAsymmetric":true,"viewInsets":{"left":0.0,"top":0.0,"right":0.0,"bottom":93.22598488964938},"viewPadding":{"left":0.0,"top":0.0,"right":84.0,"bottom":34.0},"displayFeatures":[],"orientation":"landscape","textScalerScaleOf14":14.0,"platformBrightness":"light","rootConstraints":{"minWidth":951.0,"maxWidth":951.0,"minHeight":669.0,"maxHeight":669.0},"lifecycle":{"state":"resumed","at":"2026-09-21T11:51:16.865220"},"portraitLocked":false}
flutter: [DUO_PROBE] didChangeMetrics at 2026-09-21T11:58:00.003750
flutter: [DUO_PROBE] didChangeMetrics at 2026-09-21T11:58:00.005078
flutter: [DUO_PROBE] snapshot {"condition":"09-inner-keyboard","rootBuilds":17,"size":{"width":951.0,"height":669.0},"devicePixelRatio":3.0,"physicalPixels":{"width":2853.0,"height":2007.0},"padding":{"left":0.0,"top":0.0,"right":84.0,"bottom":12.377035717035477},"paddingAsymmetric":true,"viewInsets":{"left":0.0,"top":0.0,"right":0.0,"bottom":21.62296428296452},"viewPadding":{"left":0.0,"top":0.0,"right":84.0,"bottom":34.0},"displayFeatures":[],"orientation":"landscape","textScalerScaleOf14":14.0,"platformBrightness":"light","rootConstraints":{"minWidth":951.0,"maxWidth":951.0,"minHeight":669.0,"maxHeight":669.0},"lifecycle":{"state":"resumed","at":"2026-09-21T11:51:16.865220"},"portraitLocked":false}
flutter: [DUO_PROBE] didChangeMetrics at 2026-09-21T11:58:00.040186
flutter: [DUO_PROBE] didChangeMetrics at 2026-09-21T11:58:00.051935
flutter: [DUO_PROBE] snapshot {"condition":"09-inner-keyboard","rootBuilds":17,"size":{"width":951.0,"height":669.0},"devicePixelRatio":3.0,"physicalPixels":{"width":2853.0,"height":2007.0},"padding":{"left":0.0,"top":0.0,"right":84.0,"bottom":24.297362615775995},"paddingAsymmetric":true,"viewInsets":{"left":0.0,"top":0.0,"right":0.0,"bottom":9.702637384224007},"viewPadding":{"left":0.0,"top":0.0,"right":84.0,"bottom":34.0},"displayFeatures":[],"orientation":"landscape","textScalerScaleOf14":14.0,"platformBrightness":"light","rootConstraints":{"minWidth":951.0,"maxWidth":951.0,"minHeight":669.0,"maxHeight":669.0},"lifecycle":{"state":"resumed","at":"2026-09-21T11:51:16.865220"},"portraitLocked":false}
flutter: [DUO_PROBE] didChangeMetrics at 2026-09-21T11:58:00.068514
flutter: [DUO_PROBE] snapshot {"condition":"09-inner-keyboard","rootBuilds":17,"size":{"width":951.0,"height":669.0},"devicePixelRatio":3.0,"physicalPixels":{"width":2853.0,"height":2007.0},"padding":{"left":0.0,"top":0.0,"right":84.0,"bottom":28.20602587465113},"paddingAsymmetric":true,"viewInsets":{"left":0.0,"top":0.0,"right":0.0,"bottom":5.793974125348875},"viewPadding":{"left":0.0,"top":0.0,"right":84.0,"bottom":34.0},"displayFeatures":[],"orientation":"landscape","textScalerScaleOf14":14.0,"platformBrightness":"light","rootConstraints":{"minWidth":951.0,"maxWidth":951.0,"minHeight":669.0,"maxHeight":669.0},"lifecycle":{"state":"resumed","at":"2026-09-21T11:51:16.865220"},"portraitLocked":false}
flutter: [DUO_PROBE] didChangeMetrics at 2026-09-21T11:58:00.101527
flutter: [DUO_PROBE] snapshot {"condition":"09-inner-keyboard","rootBuilds":17,"size":{"width":951.0,"height":669.0},"devicePixelRatio":3.0,"physicalPixels":{"width":2853.0,"height":2007.0},"padding":{"left":0.0,"top":0.0,"right":84.0,"bottom":29.859094621094766},"paddingAsymmetric":true,"viewInsets":{"left":0.0,"top":0.0,"right":0.0,"bottom":4.140905378905237},"viewPadding":{"left":0.0,"top":0.0,"right":84.0,"bottom":34.0},"displayFeatures":[],"orientation":"landscape","textScalerScaleOf14":14.0,"platformBrightness":"light","rootConstraints":{"minWidth":951.0,"maxWidth":951.0,"minHeight":669.0,"maxHeight":669.0},"lifecycle":{"state":"resumed","at":"2026-09-21T11:51:16.865220"},"portraitLocked":false}
flutter: [DUO_PROBE] didChangeMetrics at 2026-09-21T11:58:00.135453
flutter: [DUO_PROBE] didChangeMetrics at 2026-09-21T11:58:00.168146
flutter: [DUO_PROBE] snapshot {"condition":"09-inner-keyboard","rootBuilds":17,"size":{"width":951.0,"height":669.0},"devicePixelRatio":3.0,"physicalPixels":{"width":2853.0,"height":2007.0},"padding":{"left":0.0,"top":0.0,"right":84.0,"bottom":32.94903440083695},"paddingAsymmetric":true,"viewInsets":{"left":0.0,"top":0.0,"right":0.0,"bottom":1.0509655991630502},"viewPadding":{"left":0.0,"top":0.0,"right":84.0,"bottom":34.0},"displayFeatures":[],"orientation":"landscape","textScalerScaleOf14":14.0,"platformBrightness":"light","rootConstraints":{"minWidth":951.0,"maxWidth":951.0,"minHeight":669.0,"maxHeight":669.0},"lifecycle":{"state":"resumed","at":"2026-09-21T11:51:16.865220"},"portraitLocked":false}
flutter: [DUO_PROBE] didChangeMetrics at 2026-09-21T11:58:00.191694
flutter: [DUO_PROBE] didChangeMetrics at 2026-09-21T11:58:00.218081
flutter: [DUO_PROBE] snapshot {"condition":"09-inner-keyboard","rootBuilds":17,"size":{"width":951.0,"height":669.0},"devicePixelRatio":3.0,"physicalPixels":{"width":2853.0,"height":2007.0},"padding":{"left":0.0,"top":0.0,"right":84.0,"bottom":33.63252387229546},"paddingAsymmetric":true,"viewInsets":{"left":0.0,"top":0.0,"right":0.0,"bottom":0.36747612770454413},"viewPadding":{"left":0.0,"top":0.0,"right":84.0,"bottom":34.0},"displayFeatures":[],"orientation":"landscape","textScalerScaleOf14":14.0,"platformBrightness":"light","rootConstraints":{"minWidth":951.0,"maxWidth":951.0,"minHeight":669.0,"maxHeight":669.0},"lifecycle":{"state":"resumed","at":"2026-09-21T11:51:16.865220"},"portraitLocked":false}
flutter: [DUO_PROBE] didChangeMetrics at 2026-09-21T11:58:00.235210
flutter: [DUO_PROBE] snapshot {"condition":"09-inner-keyboard","rootBuilds":17,"size":{"width":951.0,"height":669.0},"devicePixelRatio":3.0,"physicalPixels":{"width":2853.0,"height":2007.0},"padding":{"left":0.0,"top":0.0,"right":84.0,"bottom":33.741980681993006},"paddingAsymmetric":true,"viewInsets":{"left":0.0,"top":0.0,"right":0.0,"bottom":0.2580193180069979},"viewPadding":{"left":0.0,"top":0.0,"right":84.0,"bottom":34.0},"displayFeatures":[],"orientation":"landscape","textScalerScaleOf14":14.0,"platformBrightness":"light","rootConstraints":{"minWidth":951.0,"maxWidth":951.0,"minHeight":669.0,"maxHeight":669.0},"lifecycle":{"state":"resumed","at":"2026-09-21T11:51:16.865220"},"portraitLocked":false}
flutter: [DUO_PROBE] didChangeMetrics at 2026-09-21T11:58:00.251915
flutter: [DUO_PROBE] snapshot {"condition":"09-inner-keyboard","rootBuilds":17,"size":{"width":951.0,"height":669.0},"devicePixelRatio":3.0,"physicalPixels":{"width":2853.0,"height":2007.0},"padding":{"left":0.0,"top":0.0,"right":84.0,"bottom":33.81909997156067},"paddingAsymmetric":true,"viewInsets":{"left":0.0,"top":0.0,"right":0.0,"bottom":0.18090002843933442},"viewPadding":{"left":0.0,"top":0.0,"right":84.0,"bottom":34.0},"displayFeatures":[],"orientation":"landscape","textScalerScaleOf14":14.0,"platformBrightness":"light","rootConstraints":{"minWidth":951.0,"maxWidth":951.0,"minHeight":669.0,"maxHeight":669.0},"lifecycle":{"state":"resumed","at":"2026-09-21T11:51:16.865220"},"portraitLocked":false}
flutter: [DUO_PROBE] didChangeMetrics at 2026-09-21T11:58:00.268597
flutter: [DUO_PROBE] snapshot {"condition":"09-inner-keyboard","rootBuilds":17,"size":{"width":951.0,"height":669.0},"devicePixelRatio":3.0,"physicalPixels":{"width":2853.0,"height":2007.0},"padding":{"left":0.0,"top":0.0,"right":84.0,"bottom":33.873341460823426},"paddingAsymmetric":true,"viewInsets":{"left":0.0,"top":0.0,"right":0.0,"bottom":0.12665853917657288},"viewPadding":{"left":0.0,"top":0.0,"right":84.0,"bottom":34.0},"displayFeatures":[],"orientation":"landscape","textScalerScaleOf14":14.0,"platformBrightness":"light","rootConstraints":{"minWidth":951.0,"maxWidth":951.0,"minHeight":669.0,"maxHeight":669.0},"lifecycle":{"state":"resumed","at":"2026-09-21T11:51:16.865220"},"portraitLocked":false}
flutter: [DUO_PROBE] didChangeMetrics at 2026-09-21T11:58:00.285332
flutter: [DUO_PROBE] didChangeMetrics at 2026-09-21T11:58:00.286044
flutter: [DUO_PROBE] didChangeMetrics at 2026-09-21T11:58:00.316658
flutter: [DUO_PROBE] snapshot {"condition":"09-inner-keyboard","rootBuilds":17,"size":{"width":951.0,"height":669.0},"devicePixelRatio":3.0,"physicalPixels":{"width":2853.0,"height":2007.0},"padding":{"left":0.0,"top":0.0,"right":84.0,"bottom":34.0},"paddingAsymmetric":true,"viewInsets":{"left":0.0,"top":0.0,"right":0.0,"bottom":0.0},"viewPadding":{"left":0.0,"top":0.0,"right":84.0,"bottom":34.0},"displayFeatures":[],"orientation":"landscape","textScalerScaleOf14":14.0,"platformBrightness":"light","rootConstraints":{"minWidth":951.0,"maxWidth":951.0,"minHeight":669.0,"maxHeight":669.0},"lifecycle":{"state":"resumed","at":"2026-09-21T11:51:16.865220"},"portraitLocked":false}
flutter: [DUO_PROBE] didChangeMetrics at 2026-09-21T11:59:14.394257
flutter: [DUO_PROBE] didChangeMetrics at 2026-09-21T11:59:14.409292
flutter: [DUO_PROBE] snapshot {"condition":"09-inner-keyboard","rootBuilds":17,"size":{"width":951.0,"height":669.0},"devicePixelRatio":3.0,"physicalPixels":{"width":2853.0,"height":2007.0},"padding":{"left":0.0,"top":0.0,"right":84.0,"bottom":0.0},"paddingAsymmetric":true,"viewInsets":{"left":0.0,"top":0.0,"right":0.0,"bottom":5344681.617514428},"viewPadding":{"left":0.0,"top":0.0,"right":84.0,"bottom":34.0},"displayFeatures":[],"orientation":"landscape","textScalerScaleOf14":14.0,"platformBrightness":"light","rootConstraints":{"minWidth":951.0,"maxWidth":951.0,"minHeight":669.0,"maxHeight":669.0},"lifecycle":{"state":"resumed","at":"2026-09-21T11:51:16.865220"},"portraitLocked":false}
flutter: [DUO_PROBE] didChangeMetrics at 2026-09-21T11:59:14.454351
flutter: [DUO_PROBE] didChangeMetrics at 2026-09-21T11:59:14.459017
flutter: [DUO_PROBE] didChangeMetrics at 2026-09-21T11:59:14.474470
flutter: [DUO_PROBE] snapshot {"condition":"09-inner-keyboard","rootBuilds":17,"size":{"width":951.0,"height":669.0},"devicePixelRatio":3.0,"physicalPixels":{"width":2853.0,"height":2007.0},"padding":{"left":0.0,"top":0.0,"right":84.0,"bottom":0.0},"paddingAsymmetric":true,"viewInsets":{"left":0.0,"top":0.0,"right":0.0,"bottom":228.53403062493302},"viewPadding":{"left":0.0,"top":0.0,"right":84.0,"bottom":34.0},"displayFeatures":[],"orientation":"landscape","textScalerScaleOf14":14.0,"platformBrightness":"light","rootConstraints":{"minWidth":951.0,"maxWidth":951.0,"minHeight":669.0,"maxHeight":669.0},"lifecycle":{"state":"resumed","at":"2026-09-21T11:51:16.865220"},"portraitLocked":false}
flutter: [DUO_PROBE] didChangeMetrics at 2026-09-21T11:59:14.537449
flutter: [DUO_PROBE] didChangeMetrics at 2026-09-21T11:59:14.576036
flutter: [DUO_PROBE] snapshot {"condition":"09-inner-keyboard","rootBuilds":17,"size":{"width":951.0,"height":669.0},"devicePixelRatio":3.0,"physicalPixels":{"width":2853.0,"height":2007.0},"padding":{"left":0.0,"top":0.0,"right":84.0,"bottom":0.0},"paddingAsymmetric":true,"viewInsets":{"left":0.0,"top":0.0,"right":0.0,"bottom":259.7042379850107},"viewPadding":{"left":0.0,"top":0.0,"right":84.0,"bottom":34.0},"displayFeatures":[],"orientation":"landscape","textScalerScaleOf14":14.0,"platformBrightness":"light","rootConstraints":{"minWidth":951.0,"maxWidth":951.0,"minHeight":669.0,"maxHeight":669.0},"lifecycle":{"state":"resumed","at":"2026-09-21T11:51:16.865220"},"portraitLocked":false}
flutter: [DUO_PROBE] didChangeMetrics at 2026-09-21T11:59:14.600749
flutter: [DUO_PROBE] didChangeMetrics at 2026-09-21T11:59:14.608658
flutter: [DUO_PROBE] snapshot {"condition":"09-inner-keyboard","rootBuilds":17,"size":{"width":951.0,"height":669.0},"devicePixelRatio":3.0,"physicalPixels":{"width":2853.0,"height":2007.0},"padding":{"left":0.0,"top":0.0,"right":84.0,"bottom":0.0},"paddingAsymmetric":true,"viewInsets":{"left":0.0,"top":0.0,"right":0.0,"bottom":261.1607311274647},"viewPadding":{"left":0.0,"top":0.0,"right":84.0,"bottom":34.0},"displayFeatures":[],"orientation":"landscape","textScalerScaleOf14":14.0,"platformBrightness":"light","rootConstraints":{"minWidth":951.0,"maxWidth":951.0,"minHeight":669.0,"maxHeight":669.0},"lifecycle":{"state":"resumed","at":"2026-09-21T11:51:16.865220"},"portraitLocked":false}
flutter: [DUO_PROBE] didChangeMetrics at 2026-09-21T11:59:14.626031
flutter: [DUO_PROBE] didChangeMetrics at 2026-09-21T11:59:14.627838
flutter: [DUO_PROBE] didChangeMetrics at 2026-09-21T11:59:14.641882
flutter: [DUO_PROBE] snapshot {"condition":"09-inner-keyboard","rootBuilds":17,"size":{"width":951.0,"height":669.0},"devicePixelRatio":3.0,"physicalPixels":{"width":2853.0,"height":2007.0},"padding":{"left":0.0,"top":0.0,"right":84.0,"bottom":0.0},"paddingAsymmetric":true,"viewInsets":{"left":0.0,"top":0.0,"right":0.0,"bottom":262.57076165524495},"viewPadding":{"left":0.0,"top":0.0,"right":84.0,"bottom":34.0},"displayFeatures":[],"orientation":"landscape","textScalerScaleOf14":14.0,"platformBrightness":"light","rootConstraints":{"minWidth":951.0,"maxWidth":951.0,"minHeight":669.0,"maxHeight":669.0},"lifecycle":{"state":"resumed","at":"2026-09-21T11:51:16.865220"},"portraitLocked":false}
flutter: [DUO_PROBE] didChangeMetrics at 2026-09-21T11:59:14.659116
flutter: [DUO_PROBE] didChangeMetrics at 2026-09-21T11:59:14.660778
flutter: [DUO_PROBE] didChangeMetrics at 2026-09-21T11:59:14.696165
flutter: [DUO_PROBE] snapshot {"condition":"09-inner-keyboard","rootBuilds":17,"size":{"width":951.0,"height":669.0},"devicePixelRatio":3.0,"physicalPixels":{"width":2853.0,"height":2007.0},"padding":{"left":0.0,"top":0.0,"right":84.0,"bottom":0.0},"paddingAsymmetric":true,"viewInsets":{"left":0.0,"top":0.0,"right":0.0,"bottom":263.2869254609877},"viewPadding":{"left":0.0,"top":0.0,"right":84.0,"bottom":34.0},"displayFeatures":[],"orientation":"landscape","textScalerScaleOf14":14.0,"platformBrightness":"light","rootConstraints":{"minWidth":951.0,"maxWidth":951.0,"minHeight":669.0,"maxHeight":669.0},"lifecycle":{"state":"resumed","at":"2026-09-21T11:51:16.865220"},"portraitLocked":false}
flutter: [DUO_PROBE] didChangeMetrics at 2026-09-21T11:59:14.732777
flutter: [DUO_PROBE] didChangeMetrics at 2026-09-21T11:59:14.755270
flutter: [DUO_PROBE] didChangeMetrics at 2026-09-21T11:59:14.768633
flutter: [DUO_PROBE] snapshot {"condition":"09-inner-keyboard","rootBuilds":17,"size":{"width":951.0,"height":669.0},"devicePixelRatio":3.0,"physicalPixels":{"width":2853.0,"height":2007.0},"padding":{"left":0.0,"top":0.0,"right":84.0,"bottom":0.0},"paddingAsymmetric":true,"viewInsets":{"left":0.0,"top":0.0,"right":0.0,"bottom":263.91465457318674},"viewPadding":{"left":0.0,"top":0.0,"right":84.0,"bottom":34.0},"displayFeatures":[],"orientation":"landscape","textScalerScaleOf14":14.0,"platformBrightness":"light","rootConstraints":{"minWidth":951.0,"maxWidth":951.0,"minHeight":669.0,"maxHeight":669.0},"lifecycle":{"state":"resumed","at":"2026-09-21T11:51:16.865220"},"portraitLocked":false}
flutter: [DUO_PROBE] didChangeMetrics at 2026-09-21T11:59:14.792846
flutter: [DUO_PROBE] didChangeMetrics at 2026-09-21T11:59:14.809002
flutter: [DUO_PROBE] snapshot {"condition":"09-inner-keyboard","rootBuilds":17,"size":{"width":951.0,"height":669.0},"devicePixelRatio":3.0,"physicalPixels":{"width":2853.0,"height":2007.0},"padding":{"left":0.0,"top":0.0,"right":84.0,"bottom":0.0},"paddingAsymmetric":true,"viewInsets":{"left":0.0,"top":0.0,"right":0.0,"bottom":263.96289105591427},"viewPadding":{"left":0.0,"top":0.0,"right":84.0,"bottom":34.0},"displayFeatures":[],"orientation":"landscape","textScalerScaleOf14":14.0,"platformBrightness":"light","rootConstraints":{"minWidth":951.0,"maxWidth":951.0,"minHeight":669.0,"maxHeight":669.0},"lifecycle":{"state":"resumed","at":"2026-09-21T11:51:16.865220"},"portraitLocked":false}
flutter: [DUO_PROBE] didChangeMetrics at 2026-09-21T11:59:14.828421
flutter: [DUO_PROBE] didChangeMetrics at 2026-09-21T11:59:14.842367
flutter: [DUO_PROBE] snapshot {"condition":"09-inner-keyboard","rootBuilds":17,"size":{"width":951.0,"height":669.0},"devicePixelRatio":3.0,"physicalPixels":{"width":2853.0,"height":2007.0},"padding":{"left":0.0,"top":0.0,"right":84.0,"bottom":0.0},"paddingAsymmetric":true,"viewInsets":{"left":0.0,"top":0.0,"right":0.0,"bottom":263.9798950590963},"viewPadding":{"left":0.0,"top":0.0,"right":84.0,"bottom":34.0},"displayFeatures":[],"orientation":"landscape","textScalerScaleOf14":14.0,"platformBrightness":"light","rootConstraints":{"minWidth":951.0,"maxWidth":951.0,"minHeight":669.0,"maxHeight":669.0},"lifecycle":{"state":"resumed","at":"2026-09-21T11:51:16.865220"},"portraitLocked":false}
flutter: [DUO_PROBE] didChangeMetrics at 2026-09-21T11:59:14.864329
flutter: [DUO_PROBE] didChangeMetrics at 2026-09-21T11:59:14.866163
flutter: [DUO_PROBE] didChangeMetrics at 2026-09-21T11:59:14.875551
flutter: [DUO_PROBE] snapshot {"condition":"09-inner-keyboard","rootBuilds":17,"size":{"width":951.0,"height":669.0},"devicePixelRatio":3.0,"physicalPixels":{"width":2853.0,"height":2007.0},"padding":{"left":0.0,"top":0.0,"right":84.0,"bottom":0.0},"paddingAsymmetric":true,"viewInsets":{"left":0.0,"top":0.0,"right":0.0,"bottom":263.990280895769},"viewPadding":{"left":0.0,"top":0.0,"right":84.0,"bottom":34.0},"displayFeatures":[],"orientation":"landscape","textScalerScaleOf14":14.0,"platformBrightness":"light","rootConstraints":{"minWidth":951.0,"maxWidth":951.0,"minHeight":669.0,"maxHeight":669.0},"lifecycle":{"state":"resumed","at":"2026-09-21T11:51:16.865220"},"portraitLocked":false}
flutter: [DUO_PROBE] didChangeMetrics at 2026-09-21T11:59:14.900869
flutter: [DUO_PROBE] didChangeMetrics at 2026-09-21T11:59:14.903241
flutter: [DUO_PROBE] didChangeMetrics at 2026-09-21T11:59:14.908737
flutter: [DUO_PROBE] snapshot {"condition":"09-inner-keyboard","rootBuilds":17,"size":{"width":951.0,"height":669.0},"devicePixelRatio":3.0,"physicalPixels":{"width":2853.0,"height":2007.0},"padding":{"left":0.0,"top":0.0,"right":84.0,"bottom":0.0},"paddingAsymmetric":true,"viewInsets":{"left":0.0,"top":0.0,"right":0.0,"bottom":263.9967526355153},"viewPadding":{"left":0.0,"top":0.0,"right":84.0,"bottom":34.0},"displayFeatures":[],"orientation":"landscape","textScalerScaleOf14":14.0,"platformBrightness":"light","rootConstraints":{"minWidth":951.0,"maxWidth":951.0,"minHeight":669.0,"maxHeight":669.0},"lifecycle":{"state":"resumed","at":"2026-09-21T11:51:16.865220"},"portraitLocked":false}
flutter: [DUO_PROBE] didChangeMetrics at 2026-09-21T11:59:14.930505
flutter: [DUO_PROBE] didChangeMetrics at 2026-09-21T11:59:14.942531
flutter: [DUO_PROBE] snapshot {"condition":"09-inner-keyboard","rootBuilds":17,"size":{"width":951.0,"height":669.0},"devicePixelRatio":3.0,"physicalPixels":{"width":2853.0,"height":2007.0},"padding":{"left":0.0,"top":0.0,"right":84.0,"bottom":0.0},"paddingAsymmetric":true,"viewInsets":{"left":0.0,"top":0.0,"right":0.0,"bottom":263.99774982436213},"viewPadding":{"left":0.0,"top":0.0,"right":84.0,"bottom":34.0},"displayFeatures":[],"orientation":"landscape","textScalerScaleOf14":14.0,"platformBrightness":"light","rootConstraints":{"minWidth":951.0,"maxWidth":951.0,"minHeight":669.0,"maxHeight":669.0},"lifecycle":{"state":"resumed","at":"2026-09-21T11:51:16.865220"},"portraitLocked":false}
flutter: [DUO_PROBE] didChangeMetrics at 2026-09-21T11:59:14.959132
flutter: [DUO_PROBE] didChangeMetrics at 2026-09-21T11:59:14.961367
flutter: [DUO_PROBE] didChangeMetrics at 2026-09-21T11:59:14.975475
flutter: [DUO_PROBE] didChangeMetrics at 2026-09-21T11:59:14.976203
flutter: [DUO_PROBE] didChangeMetrics at 2026-09-21T11:59:15.002664
flutter: [DUO_PROBE] snapshot {"condition":"09-inner-keyboard","rootBuilds":17,"size":{"width":951.0,"height":669.0},"devicePixelRatio":3.0,"physicalPixels":{"width":2853.0,"height":2007.0},"padding":{"left":0.0,"top":0.0,"right":84.0,"bottom":0.0},"paddingAsymmetric":true,"viewInsets":{"left":0.0,"top":0.0,"right":0.0,"bottom":264.0},"viewPadding":{"left":0.0,"top":0.0,"right":84.0,"bottom":34.0},"displayFeatures":[],"orientation":"landscape","textScalerScaleOf14":14.0,"platformBrightness":"light","rootConstraints":{"minWidth":951.0,"maxWidth":951.0,"minHeight":669.0,"maxHeight":669.0},"lifecycle":{"state":"resumed","at":"2026-09-21T11:51:16.865220"},"portraitLocked":false}
flutter: [DUO_PROBE] didChangeMetrics at 2026-09-21T11:59:15.023337
flutter: [DUO_PROBE] didChangeMetrics at 2026-09-21T11:59:45.949822
flutter: [DUO_PROBE] didChangeMetrics at 2026-09-21T11:59:45.975919
flutter: [DUO_PROBE] snapshot {"condition":"09-inner-keyboard","rootBuilds":17,"size":{"width":951.0,"height":669.0},"devicePixelRatio":3.0,"physicalPixels":{"width":2853.0,"height":2007.0},"padding":{"left":0.0,"top":0.0,"right":84.0,"bottom":0.0},"paddingAsymmetric":true,"viewInsets":{"left":0.0,"top":0.0,"right":0.0,"bottom":169.5129164616706},"viewPadding":{"left":0.0,"top":0.0,"right":84.0,"bottom":34.0},"displayFeatures":[],"orientation":"landscape","textScalerScaleOf14":14.0,"platformBrightness":"light","rootConstraints":{"minWidth":951.0,"maxWidth":951.0,"minHeight":669.0,"maxHeight":669.0},"lifecycle":{"state":"resumed","at":"2026-09-21T11:51:16.865220"},"portraitLocked":false}
flutter: [DUO_PROBE] didChangeMetrics at 2026-09-21T11:59:45.994178
flutter: [DUO_PROBE] didChangeMetrics at 2026-09-21T11:59:45.995415
flutter: [DUO_PROBE] snapshot {"condition":"09-inner-keyboard","rootBuilds":17,"size":{"width":951.0,"height":669.0},"devicePixelRatio":3.0,"physicalPixels":{"width":2853.0,"height":2007.0},"padding":{"left":0.0,"top":0.0,"right":84.0,"bottom":0.0},"paddingAsymmetric":true,"viewInsets":{"left":0.0,"top":0.0,"right":0.0,"bottom":140.90963289404098},"viewPadding":{"left":0.0,"top":0.0,"right":84.0,"bottom":34.0},"displayFeatures":[],"orientation":"landscape","textScalerScaleOf14":14.0,"platformBrightness":"light","rootConstraints":{"minWidth":951.0,"maxWidth":951.0,"minHeight":669.0,"maxHeight":669.0},"lifecycle":{"state":"resumed","at":"2026-09-21T11:51:16.865220"},"portraitLocked":false}
flutter: [DUO_PROBE] didChangeMetrics at 2026-09-21T11:59:46.012381
flutter: [DUO_PROBE] didChangeMetrics at 2026-09-21T11:59:46.013493
flutter: [DUO_PROBE] didChangeMetrics at 2026-09-21T11:59:46.024853
flutter: [DUO_PROBE] snapshot {"condition":"09-inner-keyboard","rootBuilds":17,"size":{"width":951.0,"height":669.0},"devicePixelRatio":3.0,"physicalPixels":{"width":2853.0,"height":2007.0},"padding":{"left":0.0,"top":0.0,"right":84.0,"bottom":0.0},"paddingAsymmetric":true,"viewInsets":{"left":0.0,"top":0.0,"right":0.0,"bottom":83.86392665943873},"viewPadding":{"left":0.0,"top":0.0,"right":84.0,"bottom":34.0},"displayFeatures":[],"orientation":"landscape","textScalerScaleOf14":14.0,"platformBrightness":"light","rootConstraints":{"minWidth":951.0,"maxWidth":951.0,"minHeight":669.0,"maxHeight":669.0},"lifecycle":{"state":"resumed","at":"2026-09-21T11:51:16.865220"},"portraitLocked":false}
flutter: [DUO_PROBE] didChangeMetrics at 2026-09-21T11:59:46.042882
flutter: [DUO_PROBE] didChangeMetrics at 2026-09-21T11:59:46.045875
flutter: [DUO_PROBE] didChangeMetrics at 2026-09-21T11:59:46.059525
flutter: [DUO_PROBE] snapshot {"condition":"09-inner-keyboard","rootBuilds":17,"size":{"width":951.0,"height":669.0},"devicePixelRatio":3.0,"physicalPixels":{"width":2853.0,"height":2007.0},"padding":{"left":0.0,"top":0.0,"right":84.0,"bottom":0.0},"paddingAsymmetric":true,"viewInsets":{"left":0.0,"top":0.0,"right":0.0,"bottom":47.18304367377391},"viewPadding":{"left":0.0,"top":0.0,"right":84.0,"bottom":34.0},"displayFeatures":[],"orientation":"landscape","textScalerScaleOf14":14.0,"platformBrightness":"light","rootConstraints":{"minWidth":951.0,"maxWidth":951.0,"minHeight":669.0,"maxHeight":669.0},"lifecycle":{"state":"resumed","at":"2026-09-21T11:51:16.865220"},"portraitLocked":false}
flutter: [DUO_PROBE] didChangeMetrics at 2026-09-21T11:59:46.074739
flutter: [DUO_PROBE] snapshot {"condition":"09-inner-keyboard","rootBuilds":17,"size":{"width":951.0,"height":669.0},"devicePixelRatio":3.0,"physicalPixels":{"width":2853.0,"height":2007.0},"padding":{"left":0.0,"top":0.0,"right":84.0,"bottom":0.0},"paddingAsymmetric":true,"viewInsets":{"left":0.0,"top":0.0,"right":0.0,"bottom":34.880348462810964},"viewPadding":{"left":0.0,"top":0.0,"right":84.0,"bottom":34.0},"displayFeatures":[],"orientation":"landscape","textScalerScaleOf14":14.0,"platformBrightness":"light","rootConstraints":{"minWidth":951.0,"maxWidth":951.0,"minHeight":669.0,"maxHeight":669.0},"lifecycle":{"state":"resumed","at":"2026-09-21T11:51:16.865220"},"portraitLocked":false}
flutter: [DUO_PROBE] didChangeMetrics at 2026-09-21T11:59:46.092360
flutter: [DUO_PROBE] snapshot {"condition":"09-inner-keyboard","rootBuilds":17,"size":{"width":951.0,"height":669.0},"devicePixelRatio":3.0,"physicalPixels":{"width":2853.0,"height":2007.0},"padding":{"left":0.0,"top":0.0,"right":84.0,"bottom":15.341670818432968},"paddingAsymmetric":true,"viewInsets":{"left":0.0,"top":0.0,"right":0.0,"bottom":18.65832918156703},"viewPadding":{"left":0.0,"top":0.0,"right":84.0,"bottom":34.0},"displayFeatures":[],"orientation":"landscape","textScalerScaleOf14":14.0,"platformBrightness":"light","rootConstraints":{"minWidth":951.0,"maxWidth":951.0,"minHeight":669.0,"maxHeight":669.0},"lifecycle":{"state":"resumed","at":"2026-09-21T11:51:16.865220"},"portraitLocked":false}
flutter: [DUO_PROBE] didChangeMetrics at 2026-09-21T11:59:46.110507
flutter: [DUO_PROBE] snapshot {"condition":"09-inner-keyboard","rootBuilds":17,"size":{"width":951.0,"height":669.0},"devicePixelRatio":3.0,"physicalPixels":{"width":2853.0,"height":2007.0},"padding":{"left":0.0,"top":0.0,"right":84.0,"bottom":20.471015687195777},"paddingAsymmetric":true,"viewInsets":{"left":0.0,"top":0.0,"right":0.0,"bottom":13.528984312804225},"viewPadding":{"left":0.0,"top":0.0,"right":84.0,"bottom":34.0},"displayFeatures":[],"orientation":"landscape","textScalerScaleOf14":14.0,"platformBrightness":"light","rootConstraints":{"minWidth":951.0,"maxWidth":951.0,"minHeight":669.0,"maxHeight":669.0},"lifecycle":{"state":"resumed","at":"2026-09-21T11:51:16.865220"},"portraitLocked":false}
flutter: [DUO_PROBE] didChangeMetrics at 2026-09-21T11:59:46.142161
flutter: [DUO_PROBE] snapshot {"condition":"09-inner-keyboard","rootBuilds":17,"size":{"width":951.0,"height":669.0},"devicePixelRatio":3.0,"physicalPixels":{"width":2853.0,"height":2007.0},"padding":{"left":0.0,"top":0.0,"right":84.0,"bottom":24.23657833790649},"paddingAsymmetric":true,"viewInsets":{"left":0.0,"top":0.0,"right":0.0,"bottom":9.763421662093513},"viewPadding":{"left":0.0,"top":0.0,"right":84.0,"bottom":34.0},"displayFeatures":[],"orientation":"landscape","textScalerScaleOf14":14.0,"platformBrightness":"light","rootConstraints":{"minWidth":951.0,"maxWidth":951.0,"minHeight":669.0,"maxHeight":669.0},"lifecycle":{"state":"resumed","at":"2026-09-21T11:51:16.865220"},"portraitLocked":false}
flutter: [DUO_PROBE] didChangeMetrics at 2026-09-21T11:59:46.158741
flutter: [DUO_PROBE] snapshot {"condition":"09-inner-keyboard","rootBuilds":17,"size":{"width":951.0,"height":669.0},"devicePixelRatio":3.0,"physicalPixels":{"width":2853.0,"height":2007.0},"padding":{"left":0.0,"top":0.0,"right":84.0,"bottom":26.983190536897098},"paddingAsymmetric":true,"viewInsets":{"left":0.0,"top":0.0,"right":0.0,"bottom":7.016809463102899},"viewPadding":{"left":0.0,"top":0.0,"right":84.0,"bottom":34.0},"displayFeatures":[],"orientation":"landscape","textScalerScaleOf14":14.0,"platformBrightness":"light","rootConstraints":{"minWidth":951.0,"maxWidth":951.0,"minHeight":669.0,"maxHeight":669.0},"lifecycle":{"state":"resumed","at":"2026-09-21T11:51:16.865220"},"portraitLocked":false}
flutter: [DUO_PROBE] didChangeMetrics at 2026-09-21T11:59:46.191319
flutter: [DUO_PROBE] snapshot {"condition":"09-inner-keyboard","rootBuilds":17,"size":{"width":951.0,"height":669.0},"devicePixelRatio":3.0,"physicalPixels":{"width":2853.0,"height":2007.0},"padding":{"left":0.0,"top":0.0,"right":84.0,"bottom":30.74311725369736},"paddingAsymmetric":true,"viewInsets":{"left":0.0,"top":0.0,"right":0.0,"bottom":3.256882746302642},"viewPadding":{"left":0.0,"top":0.0,"right":84.0,"bottom":34.0},"displayFeatures":[],"orientation":"landscape","textScalerScaleOf14":14.0,"platformBrightness":"light","rootConstraints":{"minWidth":951.0,"maxWidth":951.0,"minHeight":669.0,"maxHeight":669.0},"lifecycle":{"state":"resumed","at":"2026-09-21T11:51:16.865220"},"portraitLocked":false}
flutter: [DUO_PROBE] didChangeMetrics at 2026-09-21T11:59:46.224845
flutter: [DUO_PROBE] snapshot {"condition":"09-inner-keyboard","rootBuilds":17,"size":{"width":951.0,"height":669.0},"devicePixelRatio":3.0,"physicalPixels":{"width":2853.0,"height":2007.0},"padding":{"left":0.0,"top":0.0,"right":84.0,"bottom":32.188502457616174},"paddingAsymmetric":true,"viewInsets":{"left":0.0,"top":0.0,"right":0.0,"bottom":1.8114975423838284},"viewPadding":{"left":0.0,"top":0.0,"right":84.0,"bottom":34.0},"displayFeatures":[],"orientation":"landscape","textScalerScaleOf14":14.0,"platformBrightness":"light","rootConstraints":{"minWidth":951.0,"maxWidth":951.0,"minHeight":669.0,"maxHeight":669.0},"lifecycle":{"state":"resumed","at":"2026-09-21T11:51:16.865220"},"portraitLocked":false}
flutter: [DUO_PROBE] didChangeMetrics at 2026-09-21T11:59:46.242062
flutter: [DUO_PROBE] snapshot {"condition":"09-inner-keyboard","rootBuilds":17,"size":{"width":951.0,"height":669.0},"devicePixelRatio":3.0,"physicalPixels":{"width":2853.0,"height":2007.0},"padding":{"left":0.0,"top":0.0,"right":84.0,"bottom":32.717241216868096},"paddingAsymmetric":true,"viewInsets":{"left":0.0,"top":0.0,"right":0.0,"bottom":1.2827587831318998},"viewPadding":{"left":0.0,"top":0.0,"right":84.0,"bottom":34.0},"displayFeatures":[],"orientation":"landscape","textScalerScaleOf14":14.0,"platformBrightness":"light","rootConstraints":{"minWidth":951.0,"maxWidth":951.0,"minHeight":669.0,"maxHeight":669.0},"lifecycle":{"state":"resumed","at":"2026-09-21T11:51:16.865220"},"portraitLocked":false}
flutter: [DUO_PROBE] didChangeMetrics at 2026-09-21T11:59:46.258796
flutter: [DUO_PROBE] snapshot {"condition":"09-inner-keyboard","rootBuilds":17,"size":{"width":951.0,"height":669.0},"devicePixelRatio":3.0,"physicalPixels":{"width":2853.0,"height":2007.0},"padding":{"left":0.0,"top":0.0,"right":84.0,"bottom":33.36080575484772},"paddingAsymmetric":true,"viewInsets":{"left":0.0,"top":0.0,"right":0.0,"bottom":0.6391942451522804},"viewPadding":{"left":0.0,"top":0.0,"right":84.0,"bottom":34.0},"displayFeatures":[],"orientation":"landscape","textScalerScaleOf14":14.0,"platformBrightness":"light","rootConstraints":{"minWidth":951.0,"maxWidth":951.0,"minHeight":669.0,"maxHeight":669.0},"lifecycle":{"state":"resumed","at":"2026-09-21T11:51:16.865220"},"portraitLocked":false}
flutter: [DUO_PROBE] didChangeMetrics at 2026-09-21T11:59:46.292977
flutter: [DUO_PROBE] snapshot {"condition":"09-inner-keyboard","rootBuilds":17,"size":{"width":951.0,"height":669.0},"devicePixelRatio":3.0,"physicalPixels":{"width":2853.0,"height":2007.0},"padding":{"left":0.0,"top":0.0,"right":84.0,"bottom":33.55004838698462},"paddingAsymmetric":true,"viewInsets":{"left":0.0,"top":0.0,"right":0.0,"bottom":0.4499516130153753},"viewPadding":{"left":0.0,"top":0.0,"right":84.0,"bottom":34.0},"displayFeatures":[],"orientation":"landscape","textScalerScaleOf14":14.0,"platformBrightness":"light","rootConstraints":{"minWidth":951.0,"maxWidth":951.0,"minHeight":669.0,"maxHeight":669.0},"lifecycle":{"state":"resumed","at":"2026-09-21T11:51:16.865220"},"portraitLocked":false}
flutter: [DUO_PROBE] didChangeMetrics at 2026-09-21T11:59:46.308441
flutter: [DUO_PROBE] didChangeMetrics at 2026-09-21T11:59:46.341539
flutter: [DUO_PROBE] snapshot {"condition":"09-inner-keyboard","rootBuilds":17,"size":{"width":951.0,"height":669.0},"devicePixelRatio":3.0,"physicalPixels":{"width":2853.0,"height":2007.0},"padding":{"left":0.0,"top":0.0,"right":84.0,"bottom":33.84452740393104},"paddingAsymmetric":true,"viewInsets":{"left":0.0,"top":0.0,"right":0.0,"bottom":0.1554725960689588},"viewPadding":{"left":0.0,"top":0.0,"right":84.0,"bottom":34.0},"displayFeatures":[],"orientation":"landscape","textScalerScaleOf14":14.0,"platformBrightness":"light","rootConstraints":{"minWidth":951.0,"maxWidth":951.0,"minHeight":669.0,"maxHeight":669.0},"lifecycle":{"state":"resumed","at":"2026-09-21T11:51:16.865220"},"portraitLocked":false}
flutter: [DUO_PROBE] didChangeMetrics at 2026-09-21T11:59:46.359013
flutter: [DUO_PROBE] didChangeMetrics at 2026-09-21T11:59:46.375843
flutter: [DUO_PROBE] didChangeMetrics at 2026-09-21T11:59:46.408421
flutter: [DUO_PROBE] snapshot {"condition":"09-inner-keyboard","rootBuilds":17,"size":{"width":951.0,"height":669.0},"devicePixelRatio":3.0,"physicalPixels":{"width":2853.0,"height":2007.0},"padding":{"left":0.0,"top":0.0,"right":84.0,"bottom":34.0},"paddingAsymmetric":true,"viewInsets":{"left":0.0,"top":0.0,"right":0.0,"bottom":0.0},"viewPadding":{"left":0.0,"top":0.0,"right":84.0,"bottom":34.0},"displayFeatures":[],"orientation":"landscape","textScalerScaleOf14":14.0,"platformBrightness":"light","rootConstraints":{"minWidth":951.0,"maxWidth":951.0,"minHeight":669.0,"maxHeight":669.0},"lifecycle":{"state":"resumed","at":"2026-09-21T11:51:16.865220"},"portraitLocked":false}
flutter: [DUO_PROBE] keyboard requestFocus
flutter: [DUO_PROBE] hotkey control left
flutter: [DUO_PROBE] hotkey k
flutter: [DUO_PROBE] hotkey k
flutter: [DUO_PROBE] didChangeMetrics at 2026-09-21T12:00:07.915694
flutter: [DUO_PROBE] didChangeMetrics at 2026-09-21T12:00:07.921350
flutter: [DUO_PROBE] snapshot {"condition":"09-inner-keyboard","rootBuilds":17,"size":{"width":951.0,"height":669.0},"devicePixelRatio":3.0,"physicalPixels":{"width":2853.0,"height":2007.0},"padding":{"left":0.0,"top":0.0,"right":84.0,"bottom":0.0},"paddingAsymmetric":true,"viewInsets":{"left":0.0,"top":0.0,"right":0.0,"bottom":735.6643889197095},"viewPadding":{"left":0.0,"top":0.0,"right":84.0,"bottom":34.0},"displayFeatures":[],"orientation":"landscape","textScalerScaleOf14":14.0,"platformBrightness":"light","rootConstraints":{"minWidth":951.0,"maxWidth":951.0,"minHeight":669.0,"maxHeight":669.0},"lifecycle":{"state":"resumed","at":"2026-09-21T11:51:16.865220"},"portraitLocked":false}
flutter: [DUO_PROBE] didChangeMetrics at 2026-09-21T12:00:07.958347
flutter: [DUO_PROBE] didChangeMetrics at 2026-09-21T12:00:07.959879
flutter: [DUO_PROBE] didChangeMetrics at 2026-09-21T12:00:07.960549
flutter: [DUO_PROBE] snapshot {"condition":"09-inner-keyboard","rootBuilds":17,"size":{"width":951.0,"height":669.0},"devicePixelRatio":3.0,"physicalPixels":{"width":2853.0,"height":2007.0},"padding":{"left":0.0,"top":0.0,"right":84.0,"bottom":0.0},"paddingAsymmetric":true,"viewInsets":{"left":0.0,"top":0.0,"right":0.0,"bottom":164.15892043303583},"viewPadding":{"left":0.0,"top":0.0,"right":84.0,"bottom":34.0},"displayFeatures":[],"orientation":"landscape","textScalerScaleOf14":14.0,"platformBrightness":"light","rootConstraints":{"minWidth":951.0,"maxWidth":951.0,"minHeight":669.0,"maxHeight":669.0},"lifecycle":{"state":"resumed","at":"2026-09-21T11:51:16.865220"},"portraitLocked":false}
flutter: [DUO_PROBE] didChangeMetrics at 2026-09-21T12:00:07.983892
flutter: [DUO_PROBE] didChangeMetrics at 2026-09-21T12:00:07.992397
flutter: [DUO_PROBE] snapshot {"condition":"09-inner-keyboard","rootBuilds":17,"size":{"width":951.0,"height":669.0},"devicePixelRatio":3.0,"physicalPixels":{"width":2853.0,"height":2007.0},"padding":{"left":0.0,"top":0.0,"right":84.0,"bottom":0.0},"paddingAsymmetric":true,"viewInsets":{"left":0.0,"top":0.0,"right":0.0,"bottom":188.05670996985057},"viewPadding":{"left":0.0,"top":0.0,"right":84.0,"bottom":34.0},"displayFeatures":[],"orientation":"landscape","textScalerScaleOf14":14.0,"platformBrightness":"light","rootConstraints":{"minWidth":951.0,"maxWidth":951.0,"minHeight":669.0,"maxHeight":669.0},"lifecycle":{"state":"resumed","at":"2026-09-21T11:51:16.865220"},"portraitLocked":false}
flutter: [DUO_PROBE] didChangeMetrics at 2026-09-21T12:00:08.008268
flutter: [DUO_PROBE] didChangeMetrics at 2026-09-21T12:00:08.009511
flutter: [DUO_PROBE] snapshot {"condition":"09-inner-keyboard","rootBuilds":17,"size":{"width":951.0,"height":669.0},"devicePixelRatio":3.0,"physicalPixels":{"width":2853.0,"height":2007.0},"padding":{"left":0.0,"top":0.0,"right":84.0,"bottom":0.0},"paddingAsymmetric":true,"viewInsets":{"left":0.0,"top":0.0,"right":0.0,"bottom":206.9621250049266},"viewPadding":{"left":0.0,"top":0.0,"right":84.0,"bottom":34.0},"displayFeatures":[],"orientation":"landscape","textScalerScaleOf14":14.0,"platformBrightness":"light","rootConstraints":{"minWidth":951.0,"maxWidth":951.0,"minHeight":669.0,"maxHeight":669.0},"lifecycle":{"state":"resumed","at":"2026-09-21T11:51:16.865220"},"portraitLocked":false}
flutter: [DUO_PROBE] didChangeMetrics at 2026-09-21T12:00:08.024902
flutter: [DUO_PROBE] didChangeMetrics at 2026-09-21T12:00:08.026177
flutter: [DUO_PROBE] snapshot {"condition":"09-inner-keyboard","rootBuilds":17,"size":{"width":951.0,"height":669.0},"devicePixelRatio":3.0,"physicalPixels":{"width":2853.0,"height":2007.0},"padding":{"left":0.0,"top":0.0,"right":84.0,"bottom":0.0},"paddingAsymmetric":true,"viewInsets":{"left":0.0,"top":0.0,"right":0.0,"bottom":221.59747387246398},"viewPadding":{"left":0.0,"top":0.0,"right":84.0,"bottom":34.0},"displayFeatures":[],"orientation":"landscape","textScalerScaleOf14":14.0,"platformBrightness":"light","rootConstraints":{"minWidth":951.0,"maxWidth":951.0,"minHeight":669.0,"maxHeight":669.0},"lifecycle":{"state":"resumed","at":"2026-09-21T11:51:16.865220"},"portraitLocked":false}
flutter: [DUO_PROBE] didChangeMetrics at 2026-09-21T12:00:08.041598
flutter: [DUO_PROBE] didChangeMetrics at 2026-09-21T12:00:08.044056
flutter: [DUO_PROBE] snapshot {"condition":"09-inner-keyboard","rootBuilds":17,"size":{"width":951.0,"height":669.0},"devicePixelRatio":3.0,"physicalPixels":{"width":2853.0,"height":2007.0},"padding":{"left":0.0,"top":0.0,"right":84.0,"bottom":0.0},"paddingAsymmetric":true,"viewInsets":{"left":0.0,"top":0.0,"right":0.0,"bottom":232.7424072703524},"viewPadding":{"left":0.0,"top":0.0,"right":84.0,"bottom":34.0},"displayFeatures":[],"orientation":"landscape","textScalerScaleOf14":14.0,"platformBrightness":"light","rootConstraints":{"minWidth":951.0,"maxWidth":951.0,"minHeight":669.0,"maxHeight":669.0},"lifecycle":{"state":"resumed","at":"2026-09-21T11:51:16.865220"},"portraitLocked":false}
flutter: [DUO_PROBE] didChangeMetrics at 2026-09-21T12:00:08.058441
flutter: [DUO_PROBE] didChangeMetrics at 2026-09-21T12:00:08.062241
flutter: [DUO_PROBE] snapshot {"condition":"09-inner-keyboard","rootBuilds":17,"size":{"width":951.0,"height":669.0},"devicePixelRatio":3.0,"physicalPixels":{"width":2853.0,"height":2007.0},"padding":{"left":0.0,"top":0.0,"right":84.0,"bottom":0.0},"paddingAsymmetric":true,"viewInsets":{"left":0.0,"top":0.0,"right":0.0,"bottom":241.12050658476696},"viewPadding":{"left":0.0,"top":0.0,"right":84.0,"bottom":34.0},"displayFeatures":[],"orientation":"landscape","textScalerScaleOf14":14.0,"platformBrightness":"light","rootConstraints":{"minWidth":951.0,"maxWidth":951.0,"minHeight":669.0,"maxHeight":669.0},"lifecycle":{"state":"resumed","at":"2026-09-21T11:51:16.865220"},"portraitLocked":false}
flutter: [DUO_PROBE] didChangeMetrics at 2026-09-21T12:00:08.077312
flutter: [DUO_PROBE] didChangeMetrics at 2026-09-21T12:00:08.078535
flutter: [DUO_PROBE] didChangeMetrics at 2026-09-21T12:00:08.092348
flutter: [DUO_PROBE] snapshot {"condition":"09-inner-keyboard","rootBuilds":17,"size":{"width":951.0,"height":669.0},"devicePixelRatio":3.0,"physicalPixels":{"width":2853.0,"height":2007.0},"padding":{"left":0.0,"top":0.0,"right":84.0,"bottom":0.0},"paddingAsymmetric":true,"viewInsets":{"left":0.0,"top":0.0,"right":0.0,"bottom":251.9510352099951},"viewPadding":{"left":0.0,"top":0.0,"right":84.0,"bottom":34.0},"displayFeatures":[],"orientation":"landscape","textScalerScaleOf14":14.0,"platformBrightness":"light","rootConstraints":{"minWidth":951.0,"maxWidth":951.0,"minHeight":669.0,"maxHeight":669.0},"lifecycle":{"state":"resumed","at":"2026-09-21T11:51:16.865220"},"portraitLocked":false}
flutter: [DUO_PROBE] didChangeMetrics at 2026-09-21T12:00:08.108209
flutter: [DUO_PROBE] didChangeMetrics at 2026-09-21T12:00:08.109561
flutter: [DUO_PROBE] snapshot {"condition":"09-inner-keyboard","rootBuilds":17,"size":{"width":951.0,"height":669.0},"devicePixelRatio":3.0,"physicalPixels":{"width":2853.0,"height":2007.0},"padding":{"left":0.0,"top":0.0,"right":84.0,"bottom":0.0},"paddingAsymmetric":true,"viewInsets":{"left":0.0,"top":0.0,"right":0.0,"bottom":255.31803733688955},"viewPadding":{"left":0.0,"top":0.0,"right":84.0,"bottom":34.0},"displayFeatures":[],"orientation":"landscape","textScalerScaleOf14":14.0,"platformBrightness":"light","rootConstraints":{"minWidth":951.0,"maxWidth":951.0,"minHeight":669.0,"maxHeight":669.0},"lifecycle":{"state":"resumed","at":"2026-09-21T11:51:16.865220"},"portraitLocked":false}
flutter: [DUO_PROBE] didChangeMetrics at 2026-09-21T12:00:08.125227
flutter: [DUO_PROBE] didChangeMetrics at 2026-09-21T12:00:08.127129
flutter: [DUO_PROBE] snapshot {"condition":"09-inner-keyboard","rootBuilds":17,"size":{"width":951.0,"height":669.0},"devicePixelRatio":3.0,"physicalPixels":{"width":2853.0,"height":2007.0},"padding":{"left":0.0,"top":0.0,"right":84.0,"bottom":0.0},"paddingAsymmetric":true,"viewInsets":{"left":0.0,"top":0.0,"right":0.0,"bottom":257.7688698852545},"viewPadding":{"left":0.0,"top":0.0,"right":84.0,"bottom":34.0},"displayFeatures":[],"orientation":"landscape","textScalerScaleOf14":14.0,"platformBrightness":"light","rootConstraints":{"minWidth":951.0,"maxWidth":951.0,"minHeight":669.0,"maxHeight":669.0},"lifecycle":{"state":"resumed","at":"2026-09-21T11:51:16.865220"},"portraitLocked":false}
flutter: [DUO_PROBE] didChangeMetrics at 2026-09-21T12:00:08.142445
flutter: [DUO_PROBE] didChangeMetrics at 2026-09-21T12:00:08.143773
flutter: [DUO_PROBE] didChangeMetrics at 2026-09-21T12:00:08.162187
flutter: [DUO_PROBE] snapshot {"condition":"09-inner-keyboard","rootBuilds":17,"size":{"width":951.0,"height":669.0},"devicePixelRatio":3.0,"physicalPixels":{"width":2853.0,"height":2007.0},"padding":{"left":0.0,"top":0.0,"right":84.0,"bottom":0.0},"paddingAsymmetric":true,"viewInsets":{"left":0.0,"top":0.0,"right":0.0,"bottom":260.8226481610506},"viewPadding":{"left":0.0,"top":0.0,"right":84.0,"bottom":34.0},"displayFeatures":[],"orientation":"landscape","textScalerScaleOf14":14.0,"platformBrightness":"light","rootConstraints":{"minWidth":951.0,"maxWidth":951.0,"minHeight":669.0,"maxHeight":669.0},"lifecycle":{"state":"resumed","at":"2026-09-21T11:51:16.865220"},"portraitLocked":false}
flutter: [DUO_PROBE] didChangeMetrics at 2026-09-21T12:00:08.176777
flutter: [DUO_PROBE] didChangeMetrics at 2026-09-21T12:00:08.178143
flutter: [DUO_PROBE] didChangeMetrics at 2026-09-21T12:00:08.192588
flutter: [DUO_PROBE] snapshot {"condition":"09-inner-keyboard","rootBuilds":17,"size":{"width":951.0,"height":669.0},"devicePixelRatio":3.0,"physicalPixels":{"width":2853.0,"height":2007.0},"padding":{"left":0.0,"top":0.0,"right":84.0,"bottom":0.0},"paddingAsymmetric":true,"viewInsets":{"left":0.0,"top":0.0,"right":0.0,"bottom":262.3979429252998},"viewPadding":{"left":0.0,"top":0.0,"right":84.0,"bottom":34.0},"displayFeatures":[],"orientation":"landscape","textScalerScaleOf14":14.0,"platformBrightness":"light","rootConstraints":{"minWidth":951.0,"maxWidth":951.0,"minHeight":669.0,"maxHeight":669.0},"lifecycle":{"state":"resumed","at":"2026-09-21T11:51:16.865220"},"portraitLocked":false}
flutter: [DUO_PROBE] didChangeMetrics at 2026-09-21T12:00:08.208367
flutter: [DUO_PROBE] didChangeMetrics at 2026-09-21T12:00:08.210408
flutter: [DUO_PROBE] snapshot {"condition":"09-inner-keyboard","rootBuilds":17,"size":{"width":951.0,"height":669.0},"devicePixelRatio":3.0,"physicalPixels":{"width":2853.0,"height":2007.0},"padding":{"left":0.0,"top":0.0,"right":84.0,"bottom":0.0},"paddingAsymmetric":true,"viewInsets":{"left":0.0,"top":0.0,"right":0.0,"bottom":262.8664483846263},"viewPadding":{"left":0.0,"top":0.0,"right":84.0,"bottom":34.0},"displayFeatures":[],"orientation":"landscape","textScalerScaleOf14":14.0,"platformBrightness":"light","rootConstraints":{"minWidth":951.0,"maxWidth":951.0,"minHeight":669.0,"maxHeight":669.0},"lifecycle":{"state":"resumed","at":"2026-09-21T11:51:16.865220"},"portraitLocked":false}
flutter: [DUO_PROBE] didChangeMetrics at 2026-09-21T12:00:08.224818
flutter: [DUO_PROBE] didChangeMetrics at 2026-09-21T12:00:08.225839
flutter: [DUO_PROBE] snapshot {"condition":"09-inner-keyboard","rootBuilds":17,"size":{"width":951.0,"height":669.0},"devicePixelRatio":3.0,"physicalPixels":{"width":2853.0,"height":2007.0},"padding":{"left":0.0,"top":0.0,"right":84.0,"bottom":0.0},"paddingAsymmetric":true,"viewInsets":{"left":0.0,"top":0.0,"right":0.0,"bottom":263.19961503928977},"viewPadding":{"left":0.0,"top":0.0,"right":84.0,"bottom":34.0},"displayFeatures":[],"orientation":"landscape","textScalerScaleOf14":14.0,"platformBrightness":"light","rootConstraints":{"minWidth":951.0,"maxWidth":951.0,"minHeight":669.0,"maxHeight":669.0},"lifecycle":{"state":"resumed","at":"2026-09-21T11:51:16.865220"},"portraitLocked":false}
flutter: [DUO_PROBE] didChangeMetrics at 2026-09-21T12:00:08.241889
flutter: [DUO_PROBE] didChangeMetrics at 2026-09-21T12:00:08.243703
flutter: [DUO_PROBE] snapshot {"condition":"09-inner-keyboard","rootBuilds":17,"size":{"width":951.0,"height":669.0},"devicePixelRatio":3.0,"physicalPixels":{"width":2853.0,"height":2007.0},"padding":{"left":0.0,"top":0.0,"right":84.0,"bottom":0.0},"paddingAsymmetric":true,"viewInsets":{"left":0.0,"top":0.0,"right":0.0,"bottom":263.43593616064214},"viewPadding":{"left":0.0,"top":0.0,"right":84.0,"bottom":34.0},"displayFeatures":[],"orientation":"landscape","textScalerScaleOf14":14.0,"platformBrightness":"light","rootConstraints":{"minWidth":951.0,"maxWidth":951.0,"minHeight":669.0,"maxHeight":669.0},"lifecycle":{"state":"resumed","at":"2026-09-21T11:51:16.865220"},"portraitLocked":false}
flutter: [DUO_PROBE] didChangeMetrics at 2026-09-21T12:00:08.258404
flutter: [DUO_PROBE] didChangeMetrics at 2026-09-21T12:00:08.260303
flutter: [DUO_PROBE] snapshot {"condition":"09-inner-keyboard","rootBuilds":17,"size":{"width":951.0,"height":669.0},"devicePixelRatio":3.0,"physicalPixels":{"width":2853.0,"height":2007.0},"padding":{"left":0.0,"top":0.0,"right":84.0,"bottom":0.0},"paddingAsymmetric":true,"viewInsets":{"left":0.0,"top":0.0,"right":0.0,"bottom":263.6031766545555},"viewPadding":{"left":0.0,"top":0.0,"right":84.0,"bottom":34.0},"displayFeatures":[],"orientation":"landscape","textScalerScaleOf14":14.0,"platformBrightness":"light","rootConstraints":{"minWidth":951.0,"maxWidth":951.0,"minHeight":669.0,"maxHeight":669.0},"lifecycle":{"state":"resumed","at":"2026-09-21T11:51:16.865220"},"portraitLocked":false}
flutter: [DUO_PROBE] didChangeMetrics at 2026-09-21T12:00:08.275133
flutter: [DUO_PROBE] didChangeMetrics at 2026-09-21T12:00:08.276359
flutter: [DUO_PROBE] snapshot {"condition":"09-inner-keyboard","rootBuilds":17,"size":{"width":951.0,"height":669.0},"devicePixelRatio":3.0,"physicalPixels":{"width":2853.0,"height":2007.0},"padding":{"left":0.0,"top":0.0,"right":84.0,"bottom":0.0},"paddingAsymmetric":true,"viewInsets":{"left":0.0,"top":0.0,"right":0.0,"bottom":263.7212815872635},"viewPadding":{"left":0.0,"top":0.0,"right":84.0,"bottom":34.0},"displayFeatures":[],"orientation":"landscape","textScalerScaleOf14":14.0,"platformBrightness":"light","rootConstraints":{"minWidth":951.0,"maxWidth":951.0,"minHeight":669.0,"maxHeight":669.0},"lifecycle":{"state":"resumed","at":"2026-09-21T11:51:16.865220"},"portraitLocked":false}
flutter: [DUO_PROBE] didChangeMetrics at 2026-09-21T12:00:08.291547
flutter: [DUO_PROBE] didChangeMetrics at 2026-09-21T12:00:08.292405
flutter: [DUO_PROBE] snapshot {"condition":"09-inner-keyboard","rootBuilds":17,"size":{"width":951.0,"height":669.0},"devicePixelRatio":3.0,"physicalPixels":{"width":2853.0,"height":2007.0},"padding":{"left":0.0,"top":0.0,"right":84.0,"bottom":0.0},"paddingAsymmetric":true,"viewInsets":{"left":0.0,"top":0.0,"right":0.0,"bottom":263.86309872499936},"viewPadding":{"left":0.0,"top":0.0,"right":84.0,"bottom":34.0},"displayFeatures":[],"orientation":"landscape","textScalerScaleOf14":14.0,"platformBrightness":"light","rootConstraints":{"minWidth":951.0,"maxWidth":951.0,"minHeight":669.0,"maxHeight":669.0},"lifecycle":{"state":"resumed","at":"2026-09-21T11:51:16.865220"},"portraitLocked":false}
flutter: [DUO_PROBE] didChangeMetrics at 2026-09-21T12:00:08.308481
flutter: [DUO_PROBE] didChangeMetrics at 2026-09-21T12:00:08.309621
flutter: [DUO_PROBE] didChangeMetrics at 2026-09-21T12:00:08.334309
flutter: [DUO_PROBE] snapshot {"condition":"09-inner-keyboard","rootBuilds":17,"size":{"width":951.0,"height":669.0},"devicePixelRatio":3.0,"physicalPixels":{"width":2853.0,"height":2007.0},"padding":{"left":0.0,"top":0.0,"right":84.0,"bottom":0.0},"paddingAsymmetric":true,"viewInsets":{"left":0.0,"top":0.0,"right":0.0,"bottom":264.0},"viewPadding":{"left":0.0,"top":0.0,"right":84.0,"bottom":34.0},"displayFeatures":[],"orientation":"landscape","textScalerScaleOf14":14.0,"platformBrightness":"light","rootConstraints":{"minWidth":951.0,"maxWidth":951.0,"minHeight":669.0,"maxHeight":669.0},"lifecycle":{"state":"resumed","at":"2026-09-21T11:51:16.865220"},"portraitLocked":false}
flutter: [DUO_PROBE] didChangeMetrics at 2026-09-21T12:00:08.364444
flutter: [DUO_PROBE] command condition/05-half-open-with-keyboard
flutter: [DUO_PROBE] snapshot {"condition":"05-half-open-with-keyboard","rootBuilds":18,"size":{"width":951.0,"height":669.0},"devicePixelRatio":3.0,"physicalPixels":{"width":2853.0,"height":2007.0},"padding":{"left":0.0,"top":0.0,"right":84.0,"bottom":0.0},"paddingAsymmetric":true,"viewInsets":{"left":0.0,"top":0.0,"right":0.0,"bottom":264.0},"viewPadding":{"left":0.0,"top":0.0,"right":84.0,"bottom":34.0},"displayFeatures":[],"orientation":"landscape","textScalerScaleOf14":14.0,"platformBrightness":"light","rootConstraints":{"minWidth":951.0,"maxWidth":951.0,"minHeight":669.0,"maxHeight":669.0},"lifecycle":{"state":"resumed","at":"2026-09-21T11:51:16.865220"},"portraitLocked":false}
flutter: [DUO_PROBE] didChangeMetrics at 2026-09-21T12:01:30.405044
flutter: [DUO_PROBE] didChangeMetrics at 2026-09-21T12:01:30.426856
flutter: [DUO_PROBE] snapshot {"condition":"05-half-open-with-keyboard","rootBuilds":18,"size":{"width":951.0,"height":669.0},"devicePixelRatio":3.0,"physicalPixels":{"width":2853.0,"height":2007.0},"padding":{"left":0.0,"top":0.0,"right":84.0,"bottom":0.0},"paddingAsymmetric":true,"viewInsets":{"left":0.0,"top":0.0,"right":0.0,"bottom":182.452547772967},"viewPadding":{"left":0.0,"top":0.0,"right":84.0,"bottom":34.0},"displayFeatures":[],"orientation":"landscape","textScalerScaleOf14":14.0,"platformBrightness":"light","rootConstraints":{"minWidth":951.0,"maxWidth":951.0,"minHeight":669.0,"maxHeight":669.0},"lifecycle":{"state":"resumed","at":"2026-09-21T11:51:16.865220"},"portraitLocked":false}
flutter: [DUO_PROBE] didChangeMetrics at 2026-09-21T12:01:30.450408
flutter: [DUO_PROBE] didChangeMetrics at 2026-09-21T12:01:30.461358
flutter: [DUO_PROBE] snapshot {"condition":"05-half-open-with-keyboard","rootBuilds":18,"size":{"width":951.0,"height":669.0},"devicePixelRatio":3.0,"physicalPixels":{"width":2853.0,"height":2007.0},"padding":{"left":0.0,"top":0.0,"right":84.0,"bottom":0.0},"paddingAsymmetric":true,"viewInsets":{"left":0.0,"top":0.0,"right":0.0,"bottom":123.2842985788763},"viewPadding":{"left":0.0,"top":0.0,"right":84.0,"bottom":34.0},"displayFeatures":[],"orientation":"landscape","textScalerScaleOf14":14.0,"platformBrightness":"light","rootConstraints":{"minWidth":951.0,"maxWidth":951.0,"minHeight":669.0,"maxHeight":669.0},"lifecycle":{"state":"resumed","at":"2026-09-21T11:51:16.865220"},"portraitLocked":false}
flutter: [DUO_PROBE] didChangeMetrics at 2026-09-21T12:01:30.476117
flutter: [DUO_PROBE] didChangeMetrics at 2026-09-21T12:01:30.478828
flutter: [DUO_PROBE] didChangeMetrics at 2026-09-21T12:01:30.493230
flutter: [DUO_PROBE] snapshot {"condition":"05-half-open-with-keyboard","rootBuilds":18,"size":{"width":951.0,"height":669.0},"devicePixelRatio":3.0,"physicalPixels":{"width":2853.0,"height":2007.0},"padding":{"left":0.0,"top":0.0,"right":84.0,"bottom":0.0},"paddingAsymmetric":true,"viewInsets":{"left":0.0,"top":0.0,"right":0.0,"bottom":72.06064733574263},"viewPadding":{"left":0.0,"top":0.0,"right":84.0,"bottom":34.0},"displayFeatures":[],"orientation":"landscape","textScalerScaleOf14":14.0,"platformBrightness":"light","rootConstraints":{"minWidth":951.0,"maxWidth":951.0,"minHeight":669.0,"maxHeight":669.0},"lifecycle":{"state":"resumed","at":"2026-09-21T11:51:16.865220"},"portraitLocked":false}
flutter: [DUO_PROBE] didChangeMetrics at 2026-09-21T12:01:30.510770
flutter: [DUO_PROBE] didChangeMetrics at 2026-09-21T12:01:30.512063
flutter: [DUO_PROBE] didChangeMetrics at 2026-09-21T12:01:30.526814
flutter: [DUO_PROBE] snapshot {"condition":"05-half-open-with-keyboard","rootBuilds":18,"size":{"width":951.0,"height":669.0},"devicePixelRatio":3.0,"physicalPixels":{"width":2853.0,"height":2007.0},"padding":{"left":0.0,"top":0.0,"right":84.0,"bottom":0.0},"paddingAsymmetric":true,"viewInsets":{"left":0.0,"top":0.0,"right":0.0,"bottom":40.08352346945547},"viewPadding":{"left":0.0,"top":0.0,"right":84.0,"bottom":34.0},"displayFeatures":[],"orientation":"landscape","textScalerScaleOf14":14.0,"platformBrightness":"light","rootConstraints":{"minWidth":951.0,"maxWidth":951.0,"minHeight":669.0,"maxHeight":669.0},"lifecycle":{"state":"resumed","at":"2026-09-21T11:51:16.865220"},"portraitLocked":false}
flutter: [DUO_PROBE] didChangeMetrics at 2026-09-21T12:01:30.542901
flutter: [DUO_PROBE] snapshot {"condition":"05-half-open-with-keyboard","rootBuilds":18,"size":{"width":951.0,"height":669.0},"devicePixelRatio":3.0,"physicalPixels":{"width":2853.0,"height":2007.0},"padding":{"left":0.0,"top":0.0,"right":84.0,"bottom":4.4935685144363715},"paddingAsymmetric":true,"viewInsets":{"left":0.0,"top":0.0,"right":0.0,"bottom":29.506431485563628},"viewPadding":{"left":0.0,"top":0.0,"right":84.0,"bottom":34.0},"displayFeatures":[],"orientation":"landscape","textScalerScaleOf14":14.0,"platformBrightness":"light","rootConstraints":{"minWidth":951.0,"maxWidth":951.0,"minHeight":669.0,"maxHeight":669.0},"lifecycle":{"state":"resumed","at":"2026-09-21T11:51:16.865220"},"portraitLocked":false}
flutter: [DUO_PROBE] didChangeMetrics at 2026-09-21T12:01:30.560451
flutter: [DUO_PROBE] snapshot {"condition":"05-half-open-with-keyboard","rootBuilds":18,"size":{"width":951.0,"height":669.0},"devicePixelRatio":3.0,"physicalPixels":{"width":2853.0,"height":2007.0},"padding":{"left":0.0,"top":0.0,"right":84.0,"bottom":12.42807701995443},"paddingAsymmetric":true,"viewInsets":{"left":0.0,"top":0.0,"right":0.0,"bottom":21.57192298004557},"viewPadding":{"left":0.0,"top":0.0,"right":84.0,"bottom":34.0},"displayFeatures":[],"orientation":"landscape","textScalerScaleOf14":14.0,"platformBrightness":"light","rootConstraints":{"minWidth":951.0,"maxWidth":951.0,"minHeight":669.0,"maxHeight":669.0},"lifecycle":{"state":"resumed","at":"2026-09-21T11:51:16.865220"},"portraitLocked":false}
flutter: [DUO_PROBE] didChangeMetrics at 2026-09-21T12:01:30.579747
flutter: [DUO_PROBE] didChangeMetrics at 2026-09-21T12:01:30.609245
flutter: [DUO_PROBE] snapshot {"condition":"05-half-open-with-keyboard","rootBuilds":18,"size":{"width":951.0,"height":669.0},"devicePixelRatio":3.0,"physicalPixels":{"width":2853.0,"height":2007.0},"padding":{"left":0.0,"top":0.0,"right":84.0,"bottom":25.836183344063983},"paddingAsymmetric":true,"viewInsets":{"left":0.0,"top":0.0,"right":0.0,"bottom":8.163816655936019},"viewPadding":{"left":0.0,"top":0.0,"right":84.0,"bottom":34.0},"displayFeatures":[],"orientation":"landscape","textScalerScaleOf14":14.0,"platformBrightness":"light","rootConstraints":{"minWidth":951.0,"maxWidth":951.0,"minHeight":669.0,"maxHeight":669.0},"lifecycle":{"state":"resumed","at":"2026-09-21T11:51:16.865220"},"portraitLocked":false}
flutter: [DUO_PROBE] didChangeMetrics at 2026-09-21T12:01:30.626293
flutter: [DUO_PROBE] snapshot {"condition":"05-half-open-with-keyboard","rootBuilds":18,"size":{"width":951.0,"height":669.0},"devicePixelRatio":3.0,"physicalPixels":{"width":2853.0,"height":2007.0},"padding":{"left":0.0,"top":0.0,"right":84.0,"bottom":29.81488404416162},"paddingAsymmetric":true,"viewInsets":{"left":0.0,"top":0.0,"right":0.0,"bottom":4.18511595583838},"viewPadding":{"left":0.0,"top":0.0,"right":84.0,"bottom":34.0},"displayFeatures":[],"orientation":"landscape","textScalerScaleOf14":14.0,"platformBrightness":"light","rootConstraints":{"minWidth":951.0,"maxWidth":951.0,"minHeight":669.0,"maxHeight":669.0},"lifecycle":{"state":"resumed","at":"2026-09-21T11:51:16.865220"},"portraitLocked":false}
flutter: [DUO_PROBE] didChangeMetrics at 2026-09-21T12:01:30.659317
flutter: [DUO_PROBE] snapshot {"condition":"05-half-open-with-keyboard","rootBuilds":18,"size":{"width":951.0,"height":669.0},"devicePixelRatio":3.0,"physicalPixels":{"width":2853.0,"height":2007.0},"padding":{"left":0.0,"top":0.0,"right":84.0,"bottom":31.017763786641822},"paddingAsymmetric":true,"viewInsets":{"left":0.0,"top":0.0,"right":0.0,"bottom":2.9822362133581772},"viewPadding":{"left":0.0,"top":0.0,"right":84.0,"bottom":34.0},"displayFeatures":[],"orientation":"landscape","textScalerScaleOf14":14.0,"platformBrightness":"light","rootConstraints":{"minWidth":951.0,"maxWidth":951.0,"minHeight":669.0,"maxHeight":669.0},"lifecycle":{"state":"resumed","at":"2026-09-21T11:51:16.865220"},"portraitLocked":false}
flutter: [DUO_PROBE] didChangeMetrics at 2026-09-21T12:01:30.676594
flutter: [DUO_PROBE] snapshot {"condition":"05-half-open-with-keyboard","rootBuilds":18,"size":{"width":951.0,"height":669.0},"devicePixelRatio":3.0,"physicalPixels":{"width":2853.0,"height":2007.0},"padding":{"left":0.0,"top":0.0,"right":84.0,"bottom":31.880741497991565},"paddingAsymmetric":true,"viewInsets":{"left":0.0,"top":0.0,"right":0.0,"bottom":2.1192585020084347},"viewPadding":{"left":0.0,"top":0.0,"right":84.0,"bottom":34.0},"displayFeatures":[],"orientation":"landscape","textScalerScaleOf14":14.0,"platformBrightness":"light","rootConstraints":{"minWidth":951.0,"maxWidth":951.0,"minHeight":669.0,"maxHeight":669.0},"lifecycle":{"state":"resumed","at":"2026-09-21T11:51:16.865220"},"portraitLocked":false}
flutter: [DUO_PROBE] didChangeMetrics at 2026-09-21T12:01:30.694947
flutter: [DUO_PROBE] didChangeMetrics at 2026-09-21T12:01:30.725966
flutter: [DUO_PROBE] snapshot {"condition":"05-half-open-with-keyboard","rootBuilds":18,"size":{"width":951.0,"height":669.0},"devicePixelRatio":3.0,"physicalPixels":{"width":2853.0,"height":2007.0},"padding":{"left":0.0,"top":0.0,"right":84.0,"bottom":33.25004553622335},"paddingAsymmetric":true,"viewInsets":{"left":0.0,"top":0.0,"right":0.0,"bottom":0.749954463776649},"viewPadding":{"left":0.0,"top":0.0,"right":84.0,"bottom":34.0},"displayFeatures":[],"orientation":"landscape","textScalerScaleOf14":14.0,"platformBrightness":"light","rootConstraints":{"minWidth":951.0,"maxWidth":951.0,"minHeight":669.0,"maxHeight":669.0},"lifecycle":{"state":"resumed","at":"2026-09-21T11:51:16.865220"},"portraitLocked":false}
flutter: [DUO_PROBE] didChangeMetrics at 2026-09-21T12:01:30.742669
flutter: [DUO_PROBE] snapshot {"condition":"05-half-open-with-keyboard","rootBuilds":18,"size":{"width":951.0,"height":669.0},"devicePixelRatio":3.0,"physicalPixels":{"width":2853.0,"height":2007.0},"padding":{"left":0.0,"top":0.0,"right":84.0,"bottom":33.62842054433103},"paddingAsymmetric":true,"viewInsets":{"left":0.0,"top":0.0,"right":0.0,"bottom":0.3715794556689691},"viewPadding":{"left":0.0,"top":0.0,"right":84.0,"bottom":34.0},"displayFeatures":[],"orientation":"landscape","textScalerScaleOf14":14.0,"platformBrightness":"light","rootConstraints":{"minWidth":951.0,"maxWidth":951.0,"minHeight":669.0,"maxHeight":669.0},"lifecycle":{"state":"resumed","at":"2026-09-21T11:51:16.865220"},"portraitLocked":false}
flutter: [DUO_PROBE] didChangeMetrics at 2026-09-21T12:01:30.776041
flutter: [DUO_PROBE] snapshot {"condition":"05-half-open-with-keyboard","rootBuilds":18,"size":{"width":951.0,"height":669.0},"devicePixelRatio":3.0,"physicalPixels":{"width":2853.0,"height":2007.0},"padding":{"left":0.0,"top":0.0,"right":84.0,"bottom":33.739087052174646},"paddingAsymmetric":true,"viewInsets":{"left":0.0,"top":0.0,"right":0.0,"bottom":0.2609129478253539},"viewPadding":{"left":0.0,"top":0.0,"right":84.0,"bottom":34.0},"displayFeatures":[],"orientation":"landscape","textScalerScaleOf14":14.0,"platformBrightness":"light","rootConstraints":{"minWidth":951.0,"maxWidth":951.0,"minHeight":669.0,"maxHeight":669.0},"lifecycle":{"state":"resumed","at":"2026-09-21T11:51:16.865220"},"portraitLocked":false}
flutter: [DUO_PROBE] didChangeMetrics at 2026-09-21T12:01:30.792561
flutter: [DUO_PROBE] didChangeMetrics at 2026-09-21T12:01:30.792955
flutter: [DUO_PROBE] didChangeMetrics at 2026-09-21T12:01:30.836846
flutter: [DUO_PROBE] snapshot {"condition":"05-half-open-with-keyboard","rootBuilds":18,"size":{"width":951.0,"height":669.0},"devicePixelRatio":3.0,"physicalPixels":{"width":2853.0,"height":2007.0},"padding":{"left":0.0,"top":0.0,"right":84.0,"bottom":34.0},"paddingAsymmetric":true,"viewInsets":{"left":0.0,"top":0.0,"right":0.0,"bottom":0.0},"viewPadding":{"left":0.0,"top":0.0,"right":84.0,"bottom":34.0},"displayFeatures":[],"orientation":"landscape","textScalerScaleOf14":14.0,"platformBrightness":"light","rootConstraints":{"minWidth":951.0,"maxWidth":951.0,"minHeight":669.0,"maxHeight":669.0},"lifecycle":{"state":"resumed","at":"2026-09-21T11:51:16.865220"},"portraitLocked":false}
flutter: [DUO_PROBE] command tab/0
flutter: [DUO_PROBE] didChangeMetrics at 2026-09-21T12:01:44.202385
flutter: [DUO_PROBE] didChangeMetrics at 2026-09-21T12:01:44.335389
flutter: [DUO_PROBE] didChangeMetrics at 2026-09-21T12:01:44.335986
Launching lib/main.dart on iPhone Duo in debug mode...
Running Xcode build...                                          
Xcode build done.                                            8.0s
[IMPORTANT:flutter/shell/platform/darwin/graphics/FlutterDarwinContextMetalImpeller.mm(45)] Using the Impeller rendering backend (Metal).
Plugin FoldablePlugin uses deprecated application lifecycle events. Please contact plugin maintainers and request UIScene lifecycle support. This will be required in a future version of Flutter. See https://docs.flutter.dev/release/breaking-changes/uiscenedelegate#migration-guide-for-flutter-plugins
flutter: [DUO_PROBE] commandFile /Users/rcjuancarlosuwu/Library/Developer/CoreSimulator/Devices/AA16FBB4-F351-4AD9-BBF5-45562B10CFDD/data/Containers/Data/Application/2C5916DD-AB32-4A9F-AD1F-7AE317D11D8F/tmp/duo_probe_command
flutter: [DUO_PROBE] App.initState at 2026-09-21T12:03:22.162880
flutter: [DUO_PROBE] snapshot {"condition":"","rootBuilds":1,"size":{"width":951.0,"height":669.0},"devicePixelRatio":3.0,"physicalPixels":{"width":2853.0,"height":2007.0},"padding":{"left":0.0,"top":0.0,"right":84.0,"bottom":34.0},"paddingAsymmetric":true,"viewInsets":{"left":0.0,"top":0.0,"right":0.0,"bottom":0.0},"viewPadding":{"left":0.0,"top":0.0,"right":84.0,"bottom":34.0},"displayFeatures":[],"orientation":"landscape","textScalerScaleOf14":14.0,"platformBrightness":"light","rootConstraints":{"minWidth":951.0,"maxWidth":951.0,"minHeight":669.0,"maxHeight":669.0},"lifecycle":{"state":"none","at":"-"},"portraitLocked":false}
flutter: [DUO_PROBE] StatePage.initState instance=1 at 2026-09-21T12:03:22.432942
Syncing files to device iPhone Duo...                           
flutter: [DUO_PROBE] foldable connection=waiting isFoldable=null status=null angle=null regions=null
Syncing files to device iPhone Duo...                               97ms

Flutter run key commands.
r Hot reload. 🔥🔥🔥
R Hot restart.
h List all available interactive commands.
d Detach (terminate "flutter run" but leave application running).
c Clear the screen
q Quit (terminate the application on the device).

A Dart VM Service on iPhone Duo is available at: http://127.0.0.1:58519/lUqYuvbMoYs=/
The Flutter DevTools debugger and profiler on iPhone Duo is available at: http://127.0.0.1:58519/lUqYuvbMoYs=/devtools/?uri=ws://127.0.0.1:58519/lUqYuvbMoYs=/ws
flutter: [DUO_PROBE] didChangeMetrics at 2026-09-21T12:03:22.877413
flutter: [DUO_PROBE] lifecycle=resumed at 2026-09-21T12:03:23.647355
flutter: [DUO_PROBE] snapshot {"condition":"","rootBuilds":2,"size":{"width":951.0,"height":669.0},"devicePixelRatio":3.0,"physicalPixels":{"width":2853.0,"height":2007.0},"padding":{"left":0.0,"top":0.0,"right":84.0,"bottom":34.0},"paddingAsymmetric":true,"viewInsets":{"left":0.0,"top":0.0,"right":0.0,"bottom":0.0},"viewPadding":{"left":0.0,"top":0.0,"right":84.0,"bottom":34.0},"displayFeatures":[],"orientation":"landscape","textScalerScaleOf14":14.0,"platformBrightness":"light","rootConstraints":{"minWidth":951.0,"maxWidth":951.0,"minHeight":669.0,"maxHeight":669.0},"lifecycle":{"state":"resumed","at":"2026-09-21T12:03:23.647355"},"portraitLocked":false}
flutter: [DUO_PROBE] foldable connection=active isFoldable=true status=partiallyOpen angle=127.77777862548828 regions=2
flutter: [DUO_PROBE] didChangeMetrics at 2026-09-21T12:03:23.994681
-[WFIsolatedShortcutRunner init] Taking sandbox extensions for execution
-[WFIsolatedShortcutRunner init]_block_invoke Sandbox extensions acquired
Indexing for request: <WFToolKitIndexingRequest: 0x1024500c0>, changeset: .partial(updatedCount: 1 removedCount: 0 updated: ["com.example.duoProbe"], removed: [], provenance: [VoiceShortcutClient.ToolKitIndexingReason.Changeset.Provenance.launchServicesSnapshot(<LaunchServicesSnapshot uuid=20459EB1-247A-49B0-B4EB-857B47688135, v=740)> ["com.apple.telephony.SettingsCellularAppIntentsExtension", "com.apple.settingsandcoreapps.SoundAndHapticsControls", "com.apple.Spotlight", "com.apple.ControlCenter.ControlCenterControlsExtension", "com.apple.livetranscriptionui", "com.apple.mobilesms.compose", "com.apple.ProximityReaderUIService", "com.apple.Maps.MapsIntents", "com.apple.TelephonyUtilities.FaceTimeMessageStoreIntentsExtension", "com.apple.SafetyMonitorApp", "com.apple.PeopleViewService", "com.apple.Animoji.StickersApp", "com.apple.avkit.AVKitRoutingService", "com.apple.siri.messages.SiriMessagesAppIntentsExtension", "com.apple.findmy.FindMyIntents", "com.apple.Home.MatterAccessoriesSettingsIntents", "com.apple.ClockAngel", "com.a<…>, priority: <decode: missing data>
Type indexing (params + content items) took 0.001811s
Action indexing took 0.001365s
Indexed: 0
Errored: 0
Skipped: [:]
Bundle cache: 0 hits, 0 misses
Finished in 0.470479s
-[WFIsolatedShortcutRunner unaliveProcess] Releasing sandbox extensions
flutter: [DUO_PROBE] command foldable
flutter: [DUO_PROBE] foldableSnapshot isFoldable=true status=partiallyOpen angle=127.77777862548828 hSizeClass=regular vSizeClass=regular supportLevel=available hingeApi=true regionApi=true angleVerified=true strategy=updateHandler regions=[division:Rect.fromLTRB(455.5, 0.0, 495.5, 669.0):true, occlusion:Rect.fromLTRB(867.0, 0.0, 951.0, 120.0):true] bridgedFeatures=0
flutter: [DUO_PROBE] foldableNativeApi {builtWithNativeApi: false, model: iPhone, uidevicehingeSelectors: [], regionApiPresent: true, uiviewHingeSelectors: [], classes: {UIHingeInteractionDelegate: null, UIHingeState: null, UIViewReservedRegion: {properties: [identifier, kind, frame, margins, active, hash, description], instanceMethods: [copyWithZone:, description, hash, init, isEqual:, .cxx_destruct, identifier, kind, isActive, frame, margins], protocols: [NSCopying], classMethods: [_reservedRegionForSceneRegion:view:], superclass: Optional(NSObject)}, UIReservedRegion: null, UIHinge: {classMethods: [], protocols: [BSDescriptionStreaming, NSCopying], properties: [status, angle, hash, superclass, description, debugDescription], superclass: Optional(NSObject), instanceMethods: [copyWithZone:, debugDescription, description, hash, init, isEqual:, status, angle, appendDescriptionToStream:, succinctDescription]}, UIHingeInteraction: {instanceMethods: [dealloc, debugDescription, description, init, .cxx_des<…>
flutter: [DUO_PROBE] command tab/0
flutter: [DUO_PROBE] command condition/05-inner-half-open
Launching lib/main.dart on iPhone Duo in debug mode...
Running Xcode build...                                          
Xcode build done.                                            8.1s
[IMPORTANT:flutter/shell/platform/darwin/graphics/FlutterDarwinContextMetalImpeller.mm(45)] Using the Impeller rendering backend (Metal).
Plugin FoldablePlugin uses deprecated application lifecycle events. Please contact plugin maintainers and request UIScene lifecycle support. This will be required in a future version of Flutter. See https://docs.flutter.dev/release/breaking-changes/uiscenedelegate#migration-guide-for-flutter-plugins
flutter: [DUO_PROBE] commandFile /Users/rcjuancarlosuwu/Library/Developer/CoreSimulator/Devices/AA16FBB4-F351-4AD9-BBF5-45562B10CFDD/data/Containers/Data/Application/E5A979B6-E807-43EC-BA13-419B2CD4B326/tmp/duo_probe_command
flutter: [DUO_PROBE] App.initState at 2026-09-21T12:05:31.324750
Syncing files to device iPhone Duo...                           
flutter: [DUO_PROBE] snapshot {"condition":"","rootBuilds":1,"size":{"width":951.0,"height":669.0},"devicePixelRatio":3.0,"physicalPixels":{"width":2853.0,"height":2007.0},"padding":{"left":0.0,"top":0.0,"right":84.0,"bottom":34.0},"paddingAsymmetric":true,"viewInsets":{"left":0.0,"top":0.0,"right":0.0,"bottom":0.0},"viewPadding":{"left":0.0,"top":0.0,"right":84.0,"bottom":34.0},"displayFeatures":[],"orientation":"landscape","textScalerScaleOf14":14.0,"platformBrightness":"light","rootConstraints":{"minWidth":951.0,"maxWidth":951.0,"minHeight":669.0,"maxHeight":669.0},"lifecycle":{"state":"none","at":"-"},"portraitLocked":false}
flutter: [DUO_PROBE] StatePage.initState instance=1 at 2026-09-21T12:05:31.597385
Syncing files to device iPhone Duo...                              123ms

Flutter run key commands.
r Hot reload. 🔥🔥🔥
R Hot restart.
h List all available interactive commands.
d Detach (terminate "flutter run" but leave application running).
c Clear the screen
q Quit (terminate the application on the device).

A Dart VM Service on iPhone Duo is available at: http://127.0.0.1:59033/fGc3ogBgOxg=/
The Flutter DevTools debugger and profiler on iPhone Duo is available at: http://127.0.0.1:59033/fGc3ogBgOxg=/devtools/?uri=ws://127.0.0.1:59033/fGc3ogBgOxg=/ws
flutter: [DUO_PROBE] foldable connection=waiting isFoldable=null status=null angle=null regions=null
-[WFIsolatedShortcutRunner init] Taking sandbox extensions for execution
-[WFIsolatedShortcutRunner init]_block_invoke Sandbox extensions acquired
Indexing for request: <WFToolKitIndexingRequest: 0x1020500c0>, changeset: .partial(updatedCount: 1 removedCount: 0 updated: ["com.example.duoProbe"], removed: [], provenance: [VoiceShortcutClient.ToolKitIndexingReason.Changeset.Provenance.launchServicesSnapshot(<LaunchServicesSnapshot uuid=20459EB1-247A-49B0-B4EB-857B47688135, v=748)> ["com.apple.PreviewShell", "com.apple.PhotosUIPrivate.PhotosMemoriesPoster", "com.apple.AccountAuthenticationDialog", "com.apple.FCAuthenticationUI", "com.apple.NotificationsSettingsExtension", "com.apple.PassbookUISceneService", "com.apple.PassbookSecureUIService", "com.apple.LocalAuthenticationUIService", "com.apple.Passwords.PasswordManagerAppIntentsExtension", "com.apple.compass.CompassSettingsAppIntents", "com.apple.Preferences.PassbookSettingsIntentExtension", "com.apple.PeopleViewService", "com.apple.HomeCaptiveViewService", "com.apple.AXRemoteViewService", "com.apple.SettingsAppIntents", "com.apple.CompanionSetup", "com.apple.contacts.ContactsAppIntentsExtension", "com.apple.internal.Scree<…>, priority: <decode: missing data>
flutter: [DUO_PROBE] didChangeMetrics at 2026-09-21T12:05:32.743021
flutter: [DUO_PROBE] lifecycle=resumed at 2026-09-21T12:05:32.928433
flutter: [DUO_PROBE] snapshot {"condition":"","rootBuilds":2,"size":{"width":951.0,"height":669.0},"devicePixelRatio":3.0,"physicalPixels":{"width":2853.0,"height":2007.0},"padding":{"left":0.0,"top":0.0,"right":84.0,"bottom":34.0},"paddingAsymmetric":true,"viewInsets":{"left":0.0,"top":0.0,"right":0.0,"bottom":0.0},"viewPadding":{"left":0.0,"top":0.0,"right":84.0,"bottom":34.0},"displayFeatures":[],"orientation":"landscape","textScalerScaleOf14":14.0,"platformBrightness":"light","rootConstraints":{"minWidth":951.0,"maxWidth":951.0,"minHeight":669.0,"maxHeight":669.0},"lifecycle":{"state":"resumed","at":"2026-09-21T12:05:32.928433"},"portraitLocked":false}
flutter: [DUO_PROBE] foldable connection=active isFoldable=true status=partiallyOpen angle=127.77777862548828 regions=2
Type indexing (params + content items) took 0.000102s
Action indexing took 0.000544s
Indexed: 0
Errored: 0
Skipped: [:]
Bundle cache: 0 hits, 0 misses
Finished in 0.534807s
-[WFIsolatedShortcutRunner unaliveProcess] Releasing sandbox extensions
flutter: [DUO_PROBE] didChangeMetrics at 2026-09-21T12:05:33.328695
flutter: [DUO_PROBE] command condition/05-inner-half-open
flutter: [DUO_PROBE] snapshot {"condition":"05-inner-half-open","rootBuilds":3,"size":{"width":951.0,"height":669.0},"devicePixelRatio":3.0,"physicalPixels":{"width":2853.0,"height":2007.0},"padding":{"left":0.0,"top":0.0,"right":84.0,"bottom":34.0},"paddingAsymmetric":true,"viewInsets":{"left":0.0,"top":0.0,"right":0.0,"bottom":0.0},"viewPadding":{"left":0.0,"top":0.0,"right":84.0,"bottom":34.0},"displayFeatures":[],"orientation":"landscape","textScalerScaleOf14":14.0,"platformBrightness":"light","rootConstraints":{"minWidth":951.0,"maxWidth":951.0,"minHeight":669.0,"maxHeight":669.0},"lifecycle":{"state":"resumed","at":"2026-09-21T12:05:32.928433"},"portraitLocked":false}
flutter: [DUO_PROBE] command tab/3
flutter: [DUO_PROBE] didChangeMetrics at 2026-09-21T12:06:15.232635
flutter: [DUO_PROBE] command condition/14-state-before-fold
flutter: [DUO_PROBE] snapshot {"condition":"14-state-before-fold","rootBuilds":4,"size":{"width":951.0,"height":669.0},"devicePixelRatio":3.0,"physicalPixels":{"width":2853.0,"height":2007.0},"padding":{"left":0.0,"top":0.0,"right":84.0,"bottom":34.0},"paddingAsymmetric":true,"viewInsets":{"left":0.0,"top":0.0,"right":0.0,"bottom":0.0},"viewPadding":{"left":0.0,"top":0.0,"right":84.0,"bottom":34.0},"displayFeatures":[],"orientation":"landscape","textScalerScaleOf14":14.0,"platformBrightness":"light","rootConstraints":{"minWidth":951.0,"maxWidth":951.0,"minHeight":669.0,"maxHeight":669.0},"lifecycle":{"state":"resumed","at":"2026-09-21T12:05:32.928433"},"portraitLocked":false}
flutter: [DUO_PROBE] foldable connection=active isFoldable=true status=closed angle=11.777552604675293 regions=2
flutter: [DUO_PROBE] foldable connection=active isFoldable=true status=closed angle=0.0 regions=2
flutter: [DUO_PROBE] didChangeMetrics at 2026-09-21T12:12:01.517895
flutter: [DUO_PROBE] snapshot {"condition":"14-state-before-fold","rootBuilds":4,"size":{"width":466.0,"height":678.0},"devicePixelRatio":3.0,"physicalPixels":{"width":1398.0,"height":2034.0},"padding":{"left":0.0,"top":0.0,"right":84.0,"bottom":34.0},"paddingAsymmetric":true,"viewInsets":{"left":0.0,"top":0.0,"right":0.0,"bottom":0.0},"viewPadding":{"left":0.0,"top":0.0,"right":84.0,"bottom":34.0},"displayFeatures":[],"orientation":"portrait","textScalerScaleOf14":14.0,"platformBrightness":"light","rootConstraints":{"minWidth":466.0,"maxWidth":466.0,"minHeight":678.0,"maxHeight":678.0},"lifecycle":{"state":"resumed","at":"2026-09-21T12:05:32.928433"},"portraitLocked":false}
flutter: [DUO_PROBE] foldable connection=active isFoldable=true status=closed angle=0.0 regions=2
flutter: [DUO_PROBE] didChangeMetrics at 2026-09-21T12:12:01.618233
flutter: [DUO_PROBE] foldable connection=active isFoldable=true status=fullyOpen angle=180.0 regions=2
flutter: [DUO_PROBE] didChangeMetrics at 2026-09-21T12:12:16.485884
flutter: [DUO_PROBE] didChangeMetrics at 2026-09-21T12:12:16.490263
flutter: [DUO_PROBE] didChangeMetrics at 2026-09-21T12:12:16.790100
flutter: [DUO_PROBE] didChangeMetrics at 2026-09-21T12:12:17.231584
flutter: [DUO_PROBE] didChangeMetrics at 2026-09-21T12:12:17.232217
flutter: [DUO_PROBE] didChangeMetrics at 2026-09-21T12:12:17.233985
flutter: [DUO_PROBE] didChangeMetrics at 2026-09-21T12:12:17.237893
flutter: [DUO_PROBE] snapshot {"condition":"14-state-before-fold","rootBuilds":4,"size":{"width":951.0,"height":669.0},"devicePixelRatio":3.0,"physicalPixels":{"width":2853.0,"height":2007.0},"padding":{"left":0.0,"top":0.0,"right":84.0,"bottom":34.0},"paddingAsymmetric":true,"viewInsets":{"left":0.0,"top":0.0,"right":0.0,"bottom":0.0},"viewPadding":{"left":0.0,"top":0.0,"right":84.0,"bottom":34.0},"displayFeatures":[],"orientation":"landscape","textScalerScaleOf14":14.0,"platformBrightness":"light","rootConstraints":{"minWidth":951.0,"maxWidth":951.0,"minHeight":669.0,"maxHeight":669.0},"lifecycle":{"state":"resumed","at":"2026-09-21T12:05:32.928433"},"portraitLocked":false}
flutter: [DUO_PROBE] foldable connection=active isFoldable=true status=fullyOpen angle=180.0 regions=2
flutter: [DUO_PROBE] didChangeMetrics at 2026-09-21T12:12:17.309207
flutter: [DUO_PROBE] foldable connection=active isFoldable=true status=fullyOpen angle=180.0 regions=2
flutter: [DUO_PROBE] command condition/15-state-after-fold
flutter: [DUO_PROBE] snapshot {"condition":"15-state-after-fold","rootBuilds":5,"size":{"width":951.0,"height":669.0},"devicePixelRatio":3.0,"physicalPixels":{"width":2853.0,"height":2007.0},"padding":{"left":0.0,"top":0.0,"right":84.0,"bottom":34.0},"paddingAsymmetric":true,"viewInsets":{"left":0.0,"top":0.0,"right":0.0,"bottom":0.0},"viewPadding":{"left":0.0,"top":0.0,"right":84.0,"bottom":34.0},"displayFeatures":[],"orientation":"landscape","textScalerScaleOf14":14.0,"platformBrightness":"light","rootConstraints":{"minWidth":951.0,"maxWidth":951.0,"minHeight":669.0,"maxHeight":669.0},"lifecycle":{"state":"resumed","at":"2026-09-21T12:05:32.928433"},"portraitLocked":false}
flutter: [DUO_PROBE] lifecycle=inactive at 2026-09-21T12:22:55.400542
flutter: [DUO_PROBE] snapshot {"condition":"15-state-after-fold","rootBuilds":6,"size":{"width":951.0,"height":669.0},"devicePixelRatio":3.0,"physicalPixels":{"width":2853.0,"height":2007.0},"padding":{"left":0.0,"top":0.0,"right":84.0,"bottom":34.0},"paddingAsymmetric":true,"viewInsets":{"left":0.0,"top":0.0,"right":0.0,"bottom":0.0},"viewPadding":{"left":0.0,"top":0.0,"right":84.0,"bottom":34.0},"displayFeatures":[],"orientation":"landscape","textScalerScaleOf14":14.0,"platformBrightness":"light","rootConstraints":{"minWidth":951.0,"maxWidth":951.0,"minHeight":669.0,"maxHeight":669.0},"lifecycle":{"state":"inactive","at":"2026-09-21T12:22:55.400542"},"portraitLocked":false}
flutter: [DUO_PROBE] lifecycle=resumed at 2026-09-21T12:25:30.641815
flutter: [DUO_PROBE] snapshot {"condition":"15-state-after-fold","rootBuilds":7,"size":{"width":951.0,"height":669.0},"devicePixelRatio":3.0,"physicalPixels":{"width":2853.0,"height":2007.0},"padding":{"left":0.0,"top":0.0,"right":84.0,"bottom":34.0},"paddingAsymmetric":true,"viewInsets":{"left":0.0,"top":0.0,"right":0.0,"bottom":0.0},"viewPadding":{"left":0.0,"top":0.0,"right":84.0,"bottom":34.0},"displayFeatures":[],"orientation":"landscape","textScalerScaleOf14":14.0,"platformBrightness":"light","rootConstraints":{"minWidth":951.0,"maxWidth":951.0,"minHeight":669.0,"maxHeight":669.0},"lifecycle":{"state":"resumed","at":"2026-09-21T12:25:30.641815"},"portraitLocked":false}
flutter: [DUO_PROBE] lifecycle=inactive at 2026-09-21T12:25:38.420262
flutter: [DUO_PROBE] snapshot {"condition":"15-state-after-fold","rootBuilds":8,"size":{"width":951.0,"height":669.0},"devicePixelRatio":3.0,"physicalPixels":{"width":2853.0,"height":2007.0},"padding":{"left":0.0,"top":0.0,"right":84.0,"bottom":34.0},"paddingAsymmetric":true,"viewInsets":{"left":0.0,"top":0.0,"right":0.0,"bottom":0.0},"viewPadding":{"left":0.0,"top":0.0,"right":84.0,"bottom":34.0},"displayFeatures":[],"orientation":"landscape","textScalerScaleOf14":14.0,"platformBrightness":"light","rootConstraints":{"minWidth":951.0,"maxWidth":951.0,"minHeight":669.0,"maxHeight":669.0},"lifecycle":{"state":"inactive","at":"2026-09-21T12:25:38.420262"},"portraitLocked":false}
flutter: [DUO_PROBE] lifecycle=resumed at 2026-09-21T12:25:52.914499
flutter: [DUO_PROBE] snapshot {"condition":"15-state-after-fold","rootBuilds":9,"size":{"width":951.0,"height":669.0},"devicePixelRatio":3.0,"physicalPixels":{"width":2853.0,"height":2007.0},"padding":{"left":0.0,"top":0.0,"right":84.0,"bottom":34.0},"paddingAsymmetric":true,"viewInsets":{"left":0.0,"top":0.0,"right":0.0,"bottom":0.0},"viewPadding":{"left":0.0,"top":0.0,"right":84.0,"bottom":34.0},"displayFeatures":[],"orientation":"landscape","textScalerScaleOf14":14.0,"platformBrightness":"light","rootConstraints":{"minWidth":951.0,"maxWidth":951.0,"minHeight":669.0,"maxHeight":669.0},"lifecycle":{"state":"resumed","at":"2026-09-21T12:25:52.914499"},"portraitLocked":false}
flutter: [DUO_PROBE] didChangeMetrics at 2026-09-21T12:37:12.969501
flutter: [DUO_PROBE] lifecycle=inactive at 2026-09-21T12:37:13.516412
flutter: [DUO_PROBE] snapshot {"condition":"15-state-after-fold","rootBuilds":10,"size":{"width":951.0,"height":669.0},"devicePixelRatio":3.0,"physicalPixels":{"width":2853.0,"height":2007.0},"padding":{"left":0.0,"top":0.0,"right":84.0,"bottom":34.0},"paddingAsymmetric":true,"viewInsets":{"left":0.0,"top":0.0,"right":0.0,"bottom":0.0},"viewPadding":{"left":0.0,"top":0.0,"right":84.0,"bottom":34.0},"displayFeatures":[],"orientation":"landscape","textScalerScaleOf14":14.0,"platformBrightness":"light","rootConstraints":{"minWidth":951.0,"maxWidth":951.0,"minHeight":669.0,"maxHeight":669.0},"lifecycle":{"state":"inactive","at":"2026-09-21T12:37:13.516412"},"portraitLocked":false}
flutter: [DUO_PROBE] lifecycle=hidden at 2026-09-21T12:37:22.162762
flutter: [DUO_PROBE] lifecycle=paused at 2026-09-21T12:37:22.202340
flutter: [DUO_PROBE] didChangeMetrics at 2026-09-21T12:37:22.922794
flutter: [DUO_PROBE] didChangeMetrics at 2026-09-21T12:37:22.939177
flutter: [DUO_PROBE] didChangeMetrics at 2026-09-21T12:37:23.103610
flutter: [DUO_PROBE] didChangeMetrics at 2026-09-21T12:37:23.108915
flutter: [DUO_PROBE] snapshot {"condition":"15-state-after-fold","rootBuilds":11,"size":{"width":951.0,"height":669.0},"devicePixelRatio":3.0,"physicalPixels":{"width":2853.0,"height":2007.0},"padding":{"left":0.0,"top":0.0,"right":84.0,"bottom":34.0},"paddingAsymmetric":true,"viewInsets":{"left":0.0,"top":0.0,"right":0.0,"bottom":0.0},"viewPadding":{"left":0.0,"top":0.0,"right":84.0,"bottom":34.0},"displayFeatures":[],"orientation":"landscape","textScalerScaleOf14":14.0,"platformBrightness":"light","rootConstraints":{"minWidth":951.0,"maxWidth":951.0,"minHeight":669.0,"maxHeight":669.0},"lifecycle":{"state":"paused","at":"2026-09-21T12:37:22.202340"},"portraitLocked":false}
flutter: [DUO_PROBE] foldable connection=active isFoldable=true status=fullyOpen angle=180.0 regions=0
Lost connection to device.
Launching lib/main.dart on iPhone Duo in debug mode...
Running Xcode build...                                          
Xcode build done.                                            5.0s
[IMPORTANT:flutter/shell/platform/darwin/graphics/FlutterDarwinContextMetalImpeller.mm(45)] Using the Impeller rendering backend (Metal).
Plugin FoldablePlugin uses deprecated application lifecycle events. Please contact plugin maintainers and request UIScene lifecycle support. This will be required in a future version of Flutter. See https://docs.flutter.dev/release/breaking-changes/uiscenedelegate#migration-guide-for-flutter-plugins
flutter: [DUO_PROBE] commandFile /Users/rcjuancarlosuwu/Library/Developer/CoreSimulator/Devices/AA16FBB4-F351-4AD9-BBF5-45562B10CFDD/data/Containers/Data/Application/56418409-877A-415F-8F99-AEF8013F0B53/tmp/duo_probe_command
flutter: [DUO_PROBE] App.initState at 2026-09-21T14:26:04.737044
flutter: [DUO_PROBE] lifecycle=resumed at 2026-09-21T14:26:05.207680
flutter: [DUO_PROBE] snapshot {"condition":"","rootBuilds":2,"size":{"width":466.0,"height":678.0},"devicePixelRatio":3.0,"physicalPixels":{"width":1398.0,"height":2034.0},"padding":{"left":0.0,"top":0.0,"right":84.0,"bottom":34.0},"paddingAsymmetric":true,"viewInsets":{"left":0.0,"top":0.0,"right":0.0,"bottom":0.0},"viewPadding":{"left":0.0,"top":0.0,"right":84.0,"bottom":34.0},"displayFeatures":[],"orientation":"portrait","textScalerScaleOf14":14.0,"platformBrightness":"light","rootConstraints":{"minWidth":466.0,"maxWidth":466.0,"minHeight":678.0,"maxHeight":678.0},"lifecycle":{"state":"resumed","at":"2026-09-21T14:26:05.207680"},"portraitLocked":false}
flutter: [DUO_PROBE] StatePage.initState instance=1 at 2026-09-21T14:26:05.423245
flutter: [DUO_PROBE] foldable connection=waiting isFoldable=null status=null angle=null regions=null
flutter: [DUO_PROBE] didChangeMetrics at 2026-09-21T14:26:06.295822
flutter: [DUO_PROBE] foldable connection=active isFoldable=true status=closed angle=0.0 regions=2
flutter: [DUO_PROBE] foldable connection=active isFoldable=true status=closed angle=0.0 regions=2
flutter: [DUO_PROBE] didChangeMetrics at 2026-09-21T14:26:06.831094
Syncing files to device iPhone Duo...                              182ms

Flutter run key commands.
r Hot reload. 🔥🔥🔥
R Hot restart.
h List all available interactive commands.
d Detach (terminate "flutter run" but leave application running).
c Clear the screen
q Quit (terminate the application on the device).

A Dart VM Service on iPhone Duo is available at: http://127.0.0.1:60529/RcDV2dPdMvU=/
The Flutter DevTools debugger and profiler on iPhone Duo is available at: http://127.0.0.1:60529/RcDV2dPdMvU=/devtools/?uri=ws://127.0.0.1:60529/RcDV2dPdMvU=/ws
-[WFIsolatedShortcutRunner init] Taking sandbox extensions for execution
-[WFIsolatedShortcutRunner init]_block_invoke Sandbox extensions acquired
Indexing for request: <WFToolKitIndexingRequest: 0x1040500c0>, changeset: .partial(updatedCount: 1 removedCount: 0 updated: ["com.example.duoProbe"], removed: [], provenance: [VoiceShortcutClient.ToolKitIndexingReason.Changeset.Provenance.launchServicesSnapshot(<LaunchServicesSnapshot uuid=20459EB1-247A-49B0-B4EB-857B47688135, v=756)> ["com.apple.SleepLockScreen", "com.apple.Home.MatterAccessoriesSettingsIntents", "com.apple.UIKit.FontPickerUIService", "com.apple.ControlCenter.ControlCenterControlsExtension", "com.apple.CarPlaySetupApp", "com.apple.AppSSOUIService", "com.apple.AXRemoteViewService", "com.apple.ServicesPaymentAngel", "com.apple.ProximityReaderSceneUI", "com.apple.intelligenceflow.IntelligenceFlowAppIntentsExtension", "com.apple.AppDistributionLaunchAngel", "com.apple.siri.messages.SiriMessagesAppIntentsExtension", "com.apple.settingsandcoreapps.SoundAndHapticsControls", "com.apple.findmy.remoteuiservice", "com.apple.coreidv.CoreIDVUIService", "com.apple.Preferences.DisplayAndBrightnessSettingsExtension", "com.app<…>, priority: <decode: missing data>
Type indexing (params + content items) took 0.002365s
Action indexing took 0.001011s
Indexed: 0
Errored: 0
Skipped: [:]
Bundle cache: 0 hits, 0 misses
Finished in 1.397131s
-[WFIsolatedShortcutRunner unaliveProcess] Releasing sandbox extensions
Launching lib/main.dart on iPhone Duo in debug mode...
Running Xcode build...                                          
Xcode build done.                                            5.9s
[IMPORTANT:flutter/shell/platform/darwin/graphics/FlutterDarwinContextMetalImpeller.mm(45)] Using the Impeller rendering backend (Metal).
Plugin FoldablePlugin uses deprecated application lifecycle events. Please contact plugin maintainers and request UIScene lifecycle support. This will be required in a future version of Flutter. See https://docs.flutter.dev/release/breaking-changes/uiscenedelegate#migration-guide-for-flutter-plugins
flutter: [DUO_PROBE] commandFile /Users/rcjuancarlosuwu/Library/Developer/CoreSimulator/Devices/AA16FBB4-F351-4AD9-BBF5-45562B10CFDD/data/Containers/Data/Application/0FBDC790-1664-4522-A7D9-B8DFB9D7C3B5/tmp/duo_probe_command
flutter: [DUO_PROBE] App.initState at 2026-09-21T14:27:18.474573
Syncing files to device iPhone Duo...                           
flutter: [DUO_PROBE] snapshot {"condition":"","rootBuilds":1,"size":{"width":466.0,"height":678.0},"devicePixelRatio":3.0,"physicalPixels":{"width":1398.0,"height":2034.0},"padding":{"left":0.0,"top":0.0,"right":84.0,"bottom":34.0},"paddingAsymmetric":true,"viewInsets":{"left":0.0,"top":0.0,"right":0.0,"bottom":0.0},"viewPadding":{"left":0.0,"top":0.0,"right":84.0,"bottom":34.0},"displayFeatures":[],"orientation":"portrait","textScalerScaleOf14":14.0,"platformBrightness":"light","rootConstraints":{"minWidth":466.0,"maxWidth":466.0,"minHeight":678.0,"maxHeight":678.0},"lifecycle":{"state":"none","at":"-"},"portraitLocked":false}
flutter: [DUO_PROBE] StatePage.initState instance=1 at 2026-09-21T14:27:18.715274
Syncing files to device iPhone Duo...                               97ms

Flutter run key commands.
r Hot reload. 🔥🔥🔥
R Hot restart.
h List all available interactive commands.
d Detach (terminate "flutter run" but leave application running).
c Clear the screen
q Quit (terminate the application on the device).

A Dart VM Service on iPhone Duo is available at: http://127.0.0.1:60714/32qbokihurE=/
The Flutter DevTools debugger and profiler on iPhone Duo is available at: http://127.0.0.1:60714/32qbokihurE=/devtools/?uri=ws://127.0.0.1:60714/32qbokihurE=/ws
flutter: [DUO_PROBE] foldable connection=waiting isFoldable=null status=null angle=null regions=null
flutter: [DUO_PROBE] didChangeMetrics at 2026-09-21T14:27:19.074936
flutter: [DUO_PROBE] lifecycle=resumed at 2026-09-21T14:27:19.635862
flutter: [DUO_PROBE] snapshot {"condition":"","rootBuilds":2,"size":{"width":466.0,"height":678.0},"devicePixelRatio":3.0,"physicalPixels":{"width":1398.0,"height":2034.0},"padding":{"left":0.0,"top":0.0,"right":84.0,"bottom":34.0},"paddingAsymmetric":true,"viewInsets":{"left":0.0,"top":0.0,"right":0.0,"bottom":0.0},"viewPadding":{"left":0.0,"top":0.0,"right":84.0,"bottom":34.0},"displayFeatures":[],"orientation":"portrait","textScalerScaleOf14":14.0,"platformBrightness":"light","rootConstraints":{"minWidth":466.0,"maxWidth":466.0,"minHeight":678.0,"maxHeight":678.0},"lifecycle":{"state":"resumed","at":"2026-09-21T14:27:19.635862"},"portraitLocked":false}
flutter: [DUO_PROBE] foldable connection=active isFoldable=false status=unknown angle=null regions=0
flutter: [DUO_PROBE] foldable connection=active isFoldable=true status=closed angle=0.0 regions=2
flutter: [DUO_PROBE] didChangeMetrics at 2026-09-21T14:27:19.981957
-[WFIsolatedShortcutRunner init] Taking sandbox extensions for execution
-[WFIsolatedShortcutRunner init]_block_invoke Sandbox extensions acquired
Indexing for request: <WFToolKitIndexingRequest: 0x1060500c0>, changeset: .partial(updatedCount: 1 removedCount: 0 updated: ["com.example.duoProbe"], removed: [], provenance: [VoiceShortcutClient.ToolKitIndexingReason.Changeset.Provenance.launchServicesSnapshot(<LaunchServicesSnapshot uuid=20459EB1-247A-49B0-B4EB-857B47688135, v=764)> ["com.apple.AuthenticationServicesUI", "com.apple.AppDistributionLaunchAngel", "com.apple.siri.SiriVideoAppIntents", "com.apple.FaceTimeLinkTrampoline", "com.apple.FinanceStub", "com.apple.CompanionSetup", "com.apple.ActivityMessagesApp", "com.apple.commandandcontrol", "com.apple.AXRemoteViewService", "com.apple.Batteries", "com.apple.quicklook.UIExtension", "com.apple.TDGSharingViewService", "com.apple.AuthKitUIService", "com.apple.DocumentManager.DockFolderViewService", "com.apple.assistivetouchd", "com.apple.ControlCenter.ControlCenterControlsExtension", "com.apple.SafetyMonitorApp", "com.apple.PassbookStub", "com.apple.AXUIViewService", "com.apple.camera.settings.CameraSettingsAppIntentsExtens<…>, priority: <decode: missing data>
Type indexing (params + content items) took 0.000112s
Action indexing took 0.002527s
Indexed: 0
Errored: 0
Skipped: [:]
Bundle cache: 0 hits, 0 misses
Finished in 0.338637s
-[WFIsolatedShortcutRunner unaliveProcess] Releasing sandbox extensions
flutter: [DUO_PROBE] command datepicker
flutter: [DUO_PROBE] didChangeMetrics at 2026-09-21T14:27:28.653462
flutter: [DUO_PROBE] didChangeMetrics at 2026-09-21T14:27:28.698285
flutter: [DUO_PROBE] command measure
flutter: [DUO_PROBE] measured Material 412.0 x 40.0 screenWidth=466.0 ratio=0.884
flutter: [DUO_PROBE] measured Material 412.0 x 40.0 screenWidth=466.0 ratio=0.884
flutter: [DUO_PROBE] measured Material 412.0 x 40.0 screenWidth=466.0 ratio=0.884
flutter: [DUO_PROBE] measured Material 412.0 x 40.0 screenWidth=466.0 ratio=0.884
flutter: [DUO_PROBE] measured Material 412.0 x 40.0 screenWidth=466.0 ratio=0.884
flutter: [DUO_PROBE] measured Material 56.0 x 56.0 screenWidth=466.0 ratio=0.120
flutter: [DUO_PROBE] measured DatePickerDialog 382.0 x 644.0 screenWidth=466.0 ratio=0.820
flutter: [DUO_PROBE] measured Dialog 382.0 x 644.0 screenWidth=466.0 ratio=0.820
flutter: [DUO_PROBE] measured Material 350.0 x 568.0 screenWidth=466.0 ratio=0.751
flutter: [DUO_PROBE] measured Material 350.0 x 120.0 screenWidth=466.0 ratio=0.751
flutter: [DUO_PROBE] measured Material 40.0 x 40.0 screenWidth=466.0 ratio=0.086
flutter: [DUO_PROBE] measured Material 40.0 x 40.0 screenWidth=466.0 ratio=0.086
flutter: [DUO_PROBE] measured Material 40.0 x 40.0 screenWidth=466.0 ratio=0.086
flutter: [DUO_PROBE] measured Material 350.0 x 336.0 screenWidth=466.0 ratio=0.751
flutter: [DUO_PROBE] measured Material 70.8509292602539 x 40.0 screenWidth=466.0 ratio=0.152
flutter: [DUO_PROBE] measured Material 64.0 x 40.0 screenWidth=466.0 ratio=0.137
flutter: [DUO_PROBE] command dismiss
flutter: [DUO_PROBE] datePicker result=null
flutter: [DUO_PROBE] didChangeMetrics at 2026-09-21T14:27:46.282372
flutter: [DUO_PROBE] didChangeMetrics at 2026-09-21T14:27:46.308520
flutter: [DUO_PROBE] command foldable
flutter: [DUO_PROBE] foldableSnapshot isFoldable=true status=closed angle=0.0 hSizeClass=compact vSizeClass=regular supportLevel=available hingeApi=true regionApi=true angleVerified=true strategy=updateHandler regions=[occlusion:Rect.fromLTRB(399.7, 29.3, 436.7, 66.3):true, occlusion:Rect.fromLTRB(382.0, 0.0, 466.0, 170.0):true] bridgedFeatures=0
flutter: [DUO_PROBE] foldableNativeApi {uidevicehingeSelectors: [], classes: {UIHingeInteractionDelegate: null, UIHinge: {protocols: [BSDescriptionStreaming, NSCopying], superclass: Optional(NSObject), instanceMethods: [copyWithZone:, debugDescription, description, hash, init, isEqual:, status, angle, appendDescriptionToStream:, succinctDescription], classMethods: [], properties: [status, angle, hash, superclass, description, debugDescription]}, UIHingeState: null, UIReservedRegion: null, UIHingeInteraction: {instanceMethods: [dealloc, debugDescription, description, init, .cxx_destruct, setEnabled:, isEnabled, willMoveToView:, _updateForSceneHingeState:, _windowWillMoveToNilScene:, appendDescriptionToStream:, didMoveToView:, initWithUpdateHandler:, sceneHingeStateClientComponent:didUpdateFromHingeState:toHingeState:, succinctDescription, view, wantsCurrentHingeStateOnRegistration], classMethods: [], superclass: Optional(NSObject), properties: [enabled, hash, superclass, description, debugDescription,<…>
flutter: [DUO_PROBE] foldable connection=active isFoldable=true status=closed angle=13.960010528564453 regions=2
flutter: [DUO_PROBE] foldable connection=active isFoldable=true status=fullyOpen angle=180.0 regions=2
flutter: [DUO_PROBE] didChangeMetrics at 2026-09-21T14:33:38.308193
flutter: [DUO_PROBE] didChangeMetrics at 2026-09-21T14:33:38.311450
flutter: [DUO_PROBE] snapshot {"condition":"","rootBuilds":2,"size":{"width":466.0,"height":678.0},"devicePixelRatio":3.0,"physicalPixels":{"width":1398.0,"height":2034.0},"padding":{"left":0.0,"top":82.0,"right":0.0,"bottom":34.0},"paddingAsymmetric":false,"viewInsets":{"left":0.0,"top":0.0,"right":0.0,"bottom":0.0},"viewPadding":{"left":0.0,"top":82.0,"right":0.0,"bottom":34.0},"displayFeatures":[],"orientation":"portrait","textScalerScaleOf14":14.0,"platformBrightness":"light","rootConstraints":{"minWidth":466.0,"maxWidth":466.0,"minHeight":678.0,"maxHeight":678.0},"lifecycle":{"state":"resumed","at":"2026-09-21T14:27:19.635862"},"portraitLocked":false}
flutter: [DUO_PROBE] didChangeMetrics at 2026-09-21T14:33:38.352412
flutter: [DUO_PROBE] didChangeMetrics at 2026-09-21T14:33:38.392563
flutter: [DUO_PROBE] didChangeMetrics at 2026-09-21T14:33:38.403845
flutter: [DUO_PROBE] didChangeMetrics at 2026-09-21T14:33:38.405737
flutter: [DUO_PROBE] snapshot {"condition":"","rootBuilds":3,"size":{"width":951.0,"height":669.0},"devicePixelRatio":3.0,"physicalPixels":{"width":2853.0,"height":2007.0},"padding":{"left":0.0,"top":0.0,"right":84.0,"bottom":34.0},"paddingAsymmetric":true,"viewInsets":{"left":0.0,"top":0.0,"right":0.0,"bottom":0.0},"viewPadding":{"left":0.0,"top":0.0,"right":84.0,"bottom":34.0},"displayFeatures":[],"orientation":"landscape","textScalerScaleOf14":14.0,"platformBrightness":"light","rootConstraints":{"minWidth":951.0,"maxWidth":951.0,"minHeight":669.0,"maxHeight":669.0},"lifecycle":{"state":"resumed","at":"2026-09-21T14:27:19.635862"},"portraitLocked":false}
flutter: [DUO_PROBE] foldable connection=active isFoldable=true status=fullyOpen angle=180.0 regions=2
flutter: [DUO_PROBE] didChangeMetrics at 2026-09-21T14:33:38.453533
flutter: [DUO_PROBE] foldable connection=active isFoldable=true status=fullyOpen angle=180.0 regions=2
flutter: [DUO_PROBE] command foldable
flutter: [DUO_PROBE] foldableSnapshot isFoldable=true status=fullyOpen angle=180.0 hSizeClass=regular vSizeClass=regular supportLevel=available hingeApi=true regionApi=true angleVerified=true strategy=updateHandler regions=[division:Rect.fromLTRB(455.5, 0.0, 495.5, 669.0):false, occlusion:Rect.fromLTRB(867.0, 0.0, 951.0, 120.0):true] bridgedFeatures=0
flutter: [DUO_PROBE] foldableNativeApi {uiviewReservedSelectors: [reservedRegionsOfKind:, reservedRegionsOfKind:options:], builtWithNativeApi: false, regionApiPresent: true, uiviewHingeSelectors: [], uidevicehingeSelectors: [], systemVersion: 27.1, model: iPhone, classes: {UIHinge: {protocols: [BSDescriptionStreaming, NSCopying], classMethods: [], superclass: Optional(NSObject), properties: [status, angle, hash, superclass, description, debugDescription], instanceMethods: [copyWithZone:, debugDescription, description, hash, init, isEqual:, status, angle, appendDescriptionToStream:, succinctDescription]}, UIViewReservedRegion: {superclass: Optional(NSObject), instanceMethods: [copyWithZone:, description, hash, init, isEqual:, .cxx_destruct, identifier, kind, isActive, frame, margins], properties: [identifier, kind, frame, margins, active, hash, description], classMethods: [_reservedRegionForSceneRegion:view:], protocols: [NSCopying]}, UIHingeInteractionDelegate: null, UIReservedRegion: null, UIHingeIn<…>
flutter: [DUO_PROBE] command datepicker
flutter: [DUO_PROBE] didChangeMetrics at 2026-09-21T14:33:58.182738
flutter: [DUO_PROBE] didChangeMetrics at 2026-09-21T14:33:58.340263
flutter: [DUO_PROBE] command measure
flutter: [DUO_PROBE] measured Material 897.0 x 40.0 screenWidth=951.0 ratio=0.943
flutter: [DUO_PROBE] measured Material 897.0 x 40.0 screenWidth=951.0 ratio=0.943
flutter: [DUO_PROBE] measured Material 897.0 x 40.0 screenWidth=951.0 ratio=0.943
flutter: [DUO_PROBE] measured Material 897.0 x 40.0 screenWidth=951.0 ratio=0.943
flutter: [DUO_PROBE] measured Material 897.0 x 40.0 screenWidth=951.0 ratio=0.943
flutter: [DUO_PROBE] measured Material 56.0 x 56.0 screenWidth=951.0 ratio=0.059
flutter: [DUO_PROBE] measured DatePickerDialog 867.0 x 635.0 screenWidth=951.0 ratio=0.912
flutter: [DUO_PROBE] measured Dialog 867.0 x 635.0 screenWidth=951.0 ratio=0.912
flutter: [DUO_PROBE] measured Material 496.0 x 346.0 screenWidth=951.0 ratio=0.522
flutter: [DUO_PROBE] measured Material 152.0 x 346.0 screenWidth=951.0 ratio=0.160
flutter: [DUO_PROBE] measured Material 40.0 x 40.0 screenWidth=951.0 ratio=0.042
flutter: [DUO_PROBE] measured Material 40.0 x 40.0 screenWidth=951.0 ratio=0.042
flutter: [DUO_PROBE] measured Material 40.0 x 40.0 screenWidth=951.0 ratio=0.042
flutter: [DUO_PROBE] measured Material 344.0 x 242.0 screenWidth=951.0 ratio=0.362
flutter: [DUO_PROBE] measured Material 70.8509292602539 x 40.0 screenWidth=951.0 ratio=0.075
flutter: [DUO_PROBE] measured Material 64.0 x 40.0 screenWidth=951.0 ratio=0.067
flutter: [DUO_PROBE] command dismiss
flutter: [DUO_PROBE] datePicker result=null
flutter: [DUO_PROBE] didChangeMetrics at 2026-09-21T14:34:23.086300
flutter: [DUO_PROBE] didChangeMetrics at 2026-09-21T14:34:23.102925
flutter: [DUO_PROBE] command dialog
flutter: [DUO_PROBE] dialogContent maxWidth=739.0 screenWidth=951.0 ratio=0.777
flutter: [DUO_PROBE] didChangeMetrics at 2026-09-21T14:34:26.152992
flutter: [DUO_PROBE] command measure
flutter: [DUO_PROBE] measured Material 897.0 x 40.0 screenWidth=951.0 ratio=0.943
flutter: [DUO_PROBE] measured Material 897.0 x 40.0 screenWidth=951.0 ratio=0.943
flutter: [DUO_PROBE] measured Material 897.0 x 40.0 screenWidth=951.0 ratio=0.943
flutter: [DUO_PROBE] measured Material 897.0 x 40.0 screenWidth=951.0 ratio=0.943
flutter: [DUO_PROBE] measured Material 897.0 x 40.0 screenWidth=951.0 ratio=0.943
flutter: [DUO_PROBE] measured Material 56.0 x 56.0 screenWidth=951.0 ratio=0.059
flutter: [DUO_PROBE] measured AlertDialog 867.0 x 635.0 screenWidth=951.0 ratio=0.912
flutter: [DUO_PROBE] measured Dialog 867.0 x 635.0 screenWidth=951.0 ratio=0.912
flutter: [DUO_PROBE] measured Material 787.0 x 288.0 screenWidth=951.0 ratio=0.828
flutter: [DUO_PROBE] measured Material 64.0 x 40.0 screenWidth=951.0 ratio=0.067
flutter: [DUO_PROBE] command dismiss
flutter: [DUO_PROBE] didChangeMetrics at 2026-09-21T14:34:34.686825
flutter: [DUO_PROBE] command sheet
flutter: [DUO_PROBE] bottomSheet maxWidth=640.0 screenWidth=951.0 ratio=0.673
flutter: [DUO_PROBE] didChangeMetrics at 2026-09-21T14:34:37.327487
flutter: [DUO_PROBE] command measure
flutter: [DUO_PROBE] measured Material 897.0 x 40.0 screenWidth=951.0 ratio=0.943
flutter: [DUO_PROBE] measured Material 897.0 x 40.0 screenWidth=951.0 ratio=0.943
flutter: [DUO_PROBE] measured Material 897.0 x 40.0 screenWidth=951.0 ratio=0.943
flutter: [DUO_PROBE] measured Material 897.0 x 40.0 screenWidth=951.0 ratio=0.943
flutter: [DUO_PROBE] measured Material 897.0 x 40.0 screenWidth=951.0 ratio=0.943
flutter: [DUO_PROBE] measured Material 56.0 x 56.0 screenWidth=951.0 ratio=0.059
flutter: [DUO_PROBE] measured Material 640.0 x 240.0 screenWidth=951.0 ratio=0.673
flutter: [DUO_PROBE] command dismiss
flutter: [DUO_PROBE] didChangeMetrics at 2026-09-21T14:34:45.936606
flutter: [DUO_PROBE] command datepicker
flutter: [DUO_PROBE] didChangeMetrics at 2026-09-21T14:36:04.601449
flutter: [DUO_PROBE] didChangeMetrics at 2026-09-21T14:36:04.620683
flutter: [DUO_PROBE] command measure
flutter: [DUO_PROBE] measured Material 897.0 x 40.0 screenWidth=951.0 ratio=0.943
flutter: [DUO_PROBE] measured Material 897.0 x 40.0 screenWidth=951.0 ratio=0.943
flutter: [DUO_PROBE] measured Material 897.0 x 40.0 screenWidth=951.0 ratio=0.943
flutter: [DUO_PROBE] measured Material 897.0 x 40.0 screenWidth=951.0 ratio=0.943
flutter: [DUO_PROBE] measured Material 897.0 x 40.0 screenWidth=951.0 ratio=0.943
flutter: [DUO_PROBE] measured Material 56.0 x 56.0 screenWidth=951.0 ratio=0.059
flutter: [DUO_PROBE] measured DatePickerDialog 867.0 x 635.0 screenWidth=951.0 ratio=0.912
flutter: [DUO_PROBE] measured Dialog 867.0 x 635.0 screenWidth=951.0 ratio=0.912
flutter: [DUO_PROBE] measured Material 496.0 x 346.0 screenWidth=951.0 ratio=0.522
flutter: [DUO_PROBE] measured Material 152.0 x 346.0 screenWidth=951.0 ratio=0.160
flutter: [DUO_PROBE] measured Material 40.0 x 40.0 screenWidth=951.0 ratio=0.042
flutter: [DUO_PROBE] measured Material 40.0 x 40.0 screenWidth=951.0 ratio=0.042
flutter: [DUO_PROBE] measured Material 40.0 x 40.0 screenWidth=951.0 ratio=0.042
flutter: [DUO_PROBE] measured Material 344.0 x 242.0 screenWidth=951.0 ratio=0.362
flutter: [DUO_PROBE] measured Material 70.8509292602539 x 40.0 screenWidth=951.0 ratio=0.075
flutter: [DUO_PROBE] measured Material 64.0 x 40.0 screenWidth=951.0 ratio=0.067
flutter: [DUO_PROBE] command dismiss
flutter: [DUO_PROBE] datePicker result=null
flutter: [DUO_PROBE] didChangeMetrics at 2026-09-21T14:36:24.270994
flutter: [DUO_PROBE] didChangeMetrics at 2026-09-21T14:36:24.287624
flutter: [DUO_PROBE] command dialog
flutter: [DUO_PROBE] dialogContent maxWidth=739.0 screenWidth=951.0 ratio=0.777
flutter: [DUO_PROBE] didChangeMetrics at 2026-09-21T14:36:27.305664
flutter: [DUO_PROBE] command measure
flutter: [DUO_PROBE] measured Material 897.0 x 40.0 screenWidth=951.0 ratio=0.943
flutter: [DUO_PROBE] measured Material 897.0 x 40.0 screenWidth=951.0 ratio=0.943
flutter: [DUO_PROBE] measured Material 897.0 x 40.0 screenWidth=951.0 ratio=0.943
flutter: [DUO_PROBE] measured Material 897.0 x 40.0 screenWidth=951.0 ratio=0.943
flutter: [DUO_PROBE] measured Material 897.0 x 40.0 screenWidth=951.0 ratio=0.943
flutter: [DUO_PROBE] measured Material 56.0 x 56.0 screenWidth=951.0 ratio=0.059
flutter: [DUO_PROBE] measured AlertDialog 867.0 x 635.0 screenWidth=951.0 ratio=0.912
flutter: [DUO_PROBE] measured Dialog 867.0 x 635.0 screenWidth=951.0 ratio=0.912
flutter: [DUO_PROBE] measured Material 787.0 x 288.0 screenWidth=951.0 ratio=0.828
flutter: [DUO_PROBE] measured Material 64.0 x 40.0 screenWidth=951.0 ratio=0.067
flutter: [DUO_PROBE] command dismiss
flutter: [DUO_PROBE] didChangeMetrics at 2026-09-21T14:36:35.904494
flutter: [DUO_PROBE] command sheet
flutter: [DUO_PROBE] bottomSheet maxWidth=640.0 screenWidth=951.0 ratio=0.673
flutter: [DUO_PROBE] didChangeMetrics at 2026-09-21T14:36:38.904559
flutter: [DUO_PROBE] command measure
flutter: [DUO_PROBE] measured Material 897.0 x 40.0 screenWidth=951.0 ratio=0.943
flutter: [DUO_PROBE] measured Material 897.0 x 40.0 screenWidth=951.0 ratio=0.943
flutter: [DUO_PROBE] measured Material 897.0 x 40.0 screenWidth=951.0 ratio=0.943
flutter: [DUO_PROBE] measured Material 897.0 x 40.0 screenWidth=951.0 ratio=0.943
flutter: [DUO_PROBE] measured Material 897.0 x 40.0 screenWidth=951.0 ratio=0.943
flutter: [DUO_PROBE] measured Material 56.0 x 56.0 screenWidth=951.0 ratio=0.059
flutter: [DUO_PROBE] measured Material 640.0 x 240.0 screenWidth=951.0 ratio=0.673
flutter: [DUO_PROBE] command dismiss
flutter: [DUO_PROBE] didChangeMetrics at 2026-09-21T14:37:03.922073
flutter: [DUO_PROBE] command condition/07-split-view-attempt-stock
flutter: [DUO_PROBE] snapshot {"condition":"07-split-view-attempt-stock","rootBuilds":4,"size":{"width":951.0,"height":669.0},"devicePixelRatio":3.0,"physicalPixels":{"width":2853.0,"height":2007.0},"padding":{"left":0.0,"top":0.0,"right":84.0,"bottom":34.0},"paddingAsymmetric":true,"viewInsets":{"left":0.0,"top":0.0,"right":0.0,"bottom":0.0},"viewPadding":{"left":0.0,"top":0.0,"right":84.0,"bottom":34.0},"displayFeatures":[],"orientation":"landscape","textScalerScaleOf14":14.0,"platformBrightness":"light","rootConstraints":{"minWidth":951.0,"maxWidth":951.0,"minHeight":669.0,"maxHeight":669.0},"lifecycle":{"state":"resumed","at":"2026-09-21T14:27:19.635862"},"portraitLocked":false}
flutter: [DUO_PROBE] lifecycle=inactive at 2026-09-21T14:38:08.314238
flutter: [DUO_PROBE] snapshot {"condition":"07-split-view-attempt-stock","rootBuilds":5,"size":{"width":951.0,"height":669.0},"devicePixelRatio":3.0,"physicalPixels":{"width":2853.0,"height":2007.0},"padding":{"left":0.0,"top":0.0,"right":84.0,"bottom":34.0},"paddingAsymmetric":true,"viewInsets":{"left":0.0,"top":0.0,"right":0.0,"bottom":0.0},"viewPadding":{"left":0.0,"top":0.0,"right":84.0,"bottom":34.0},"displayFeatures":[],"orientation":"landscape","textScalerScaleOf14":14.0,"platformBrightness":"light","rootConstraints":{"minWidth":951.0,"maxWidth":951.0,"minHeight":669.0,"maxHeight":669.0},"lifecycle":{"state":"inactive","at":"2026-09-21T14:38:08.314238"},"portraitLocked":false}
flutter: [DUO_PROBE] lifecycle=hidden at 2026-09-21T14:38:10.510595
flutter: [DUO_PROBE] lifecycle=paused at 2026-09-21T14:38:10.511138
flutter: [DUO_PROBE] didChangeMetrics at 2026-09-21T14:38:11.155990
flutter: [DUO_PROBE] didChangeMetrics at 2026-09-21T14:38:11.161410
flutter: [DUO_PROBE] didChangeMetrics at 2026-09-21T14:38:11.272984
flutter: [DUO_PROBE] didChangeMetrics at 2026-09-21T14:38:11.275083
flutter: [DUO_PROBE] snapshot {"condition":"07-split-view-attempt-stock","rootBuilds":6,"size":{"width":951.0,"height":669.0},"devicePixelRatio":3.0,"physicalPixels":{"width":2853.0,"height":2007.0},"padding":{"left":0.0,"top":0.0,"right":84.0,"bottom":34.0},"paddingAsymmetric":true,"viewInsets":{"left":0.0,"top":0.0,"right":0.0,"bottom":0.0},"viewPadding":{"left":0.0,"top":0.0,"right":84.0,"bottom":34.0},"displayFeatures":[],"orientation":"landscape","textScalerScaleOf14":14.0,"platformBrightness":"light","rootConstraints":{"minWidth":951.0,"maxWidth":951.0,"minHeight":669.0,"maxHeight":669.0},"lifecycle":{"state":"paused","at":"2026-09-21T14:38:10.511138"},"portraitLocked":false}
flutter: [DUO_PROBE] foldable connection=active isFoldable=true status=fullyOpen angle=180.0 regions=0
flutter: [DUO_PROBE] lifecycle=hidden at 2026-09-21T14:38:44.112370
flutter: [DUO_PROBE] lifecycle=inactive at 2026-09-21T14:38:44.153587
flutter: [DUO_PROBE] lifecycle=resumed at 2026-09-21T14:38:44.354216
flutter: [DUO_PROBE] snapshot {"condition":"07-split-view-attempt-stock","rootBuilds":7,"size":{"width":951.0,"height":669.0},"devicePixelRatio":3.0,"physicalPixels":{"width":2853.0,"height":2007.0},"padding":{"left":0.0,"top":0.0,"right":84.0,"bottom":34.0},"paddingAsymmetric":true,"viewInsets":{"left":0.0,"top":0.0,"right":0.0,"bottom":0.0},"viewPadding":{"left":0.0,"top":0.0,"right":84.0,"bottom":34.0},"displayFeatures":[],"orientation":"landscape","textScalerScaleOf14":14.0,"platformBrightness":"light","rootConstraints":{"minWidth":951.0,"maxWidth":951.0,"minHeight":669.0,"maxHeight":669.0},"lifecycle":{"state":"resumed","at":"2026-09-21T14:38:44.354216"},"portraitLocked":false}
flutter: [DUO_PROBE] lifecycle=inactive at 2026-09-21T14:39:37.751699
flutter: [DUO_PROBE] snapshot {"condition":"07-split-view-attempt-stock","rootBuilds":8,"size":{"width":951.0,"height":669.0},"devicePixelRatio":3.0,"physicalPixels":{"width":2853.0,"height":2007.0},"padding":{"left":0.0,"top":0.0,"right":84.0,"bottom":34.0},"paddingAsymmetric":true,"viewInsets":{"left":0.0,"top":0.0,"right":0.0,"bottom":0.0},"viewPadding":{"left":0.0,"top":0.0,"right":84.0,"bottom":34.0},"displayFeatures":[],"orientation":"landscape","textScalerScaleOf14":14.0,"platformBrightness":"light","rootConstraints":{"minWidth":951.0,"maxWidth":951.0,"minHeight":669.0,"maxHeight":669.0},"lifecycle":{"state":"inactive","at":"2026-09-21T14:39:37.751699"},"portraitLocked":false}
flutter: [DUO_PROBE] lifecycle=hidden at 2026-09-21T14:39:39.122875
flutter: [DUO_PROBE] lifecycle=paused at 2026-09-21T14:39:39.123148
flutter: [DUO_PROBE] didChangeMetrics at 2026-09-21T14:39:39.723893
flutter: [DUO_PROBE] didChangeMetrics at 2026-09-21T14:39:39.727994
flutter: [DUO_PROBE] didChangeMetrics at 2026-09-21T14:39:39.818533
flutter: [DUO_PROBE] didChangeMetrics at 2026-09-21T14:39:39.820034
flutter: [DUO_PROBE] snapshot {"condition":"07-split-view-attempt-stock","rootBuilds":9,"size":{"width":951.0,"height":669.0},"devicePixelRatio":3.0,"physicalPixels":{"width":2853.0,"height":2007.0},"padding":{"left":0.0,"top":0.0,"right":84.0,"bottom":34.0},"paddingAsymmetric":true,"viewInsets":{"left":0.0,"top":0.0,"right":0.0,"bottom":0.0},"viewPadding":{"left":0.0,"top":0.0,"right":84.0,"bottom":34.0},"displayFeatures":[],"orientation":"landscape","textScalerScaleOf14":14.0,"platformBrightness":"light","rootConstraints":{"minWidth":951.0,"maxWidth":951.0,"minHeight":669.0,"maxHeight":669.0},"lifecycle":{"state":"paused","at":"2026-09-21T14:39:39.123148"},"portraitLocked":false}
flutter: [DUO_PROBE] foldable connection=active isFoldable=true status=fullyOpen angle=180.0 regions=0
flutter: [DUO_PROBE] didChangeMetrics at 2026-09-21T14:41:32.695046
flutter: [DUO_PROBE] lifecycle=hidden at 2026-09-21T14:41:32.738602
flutter: [DUO_PROBE] lifecycle=inactive at 2026-09-21T14:41:32.739556
flutter: [DUO_PROBE] didChangeMetrics at 2026-09-21T14:41:32.746942
flutter: [DUO_PROBE] snapshot {"condition":"07-split-view-attempt-stock","rootBuilds":10,"size":{"width":469.0,"height":669.0},"devicePixelRatio":3.0,"physicalPixels":{"width":1407.0,"height":2007.0},"padding":{"left":0.0,"top":0.0,"right":0.0,"bottom":34.0},"paddingAsymmetric":false,"viewInsets":{"left":0.0,"top":0.0,"right":0.0,"bottom":0.0},"viewPadding":{"left":0.0,"top":0.0,"right":0.0,"bottom":34.0},"displayFeatures":[],"orientation":"portrait","textScalerScaleOf14":14.0,"platformBrightness":"light","rootConstraints":{"minWidth":469.0,"maxWidth":469.0,"minHeight":669.0,"maxHeight":669.0},"lifecycle":{"state":"inactive","at":"2026-09-21T14:41:32.739556"},"portraitLocked":false}
flutter: [DUO_PROBE] foldable connection=active isFoldable=true status=fullyOpen angle=180.0 regions=1
flutter: [DUO_PROBE] didChangeMetrics at 2026-09-21T14:41:32.911297
flutter: [DUO_PROBE] lifecycle=resumed at 2026-09-21T14:41:32.978998
flutter: [DUO_PROBE] snapshot {"condition":"07-split-view-attempt-stock","rootBuilds":11,"size":{"width":469.0,"height":669.0},"devicePixelRatio":3.0,"physicalPixels":{"width":1407.0,"height":2007.0},"padding":{"left":0.0,"top":0.0,"right":0.0,"bottom":34.0},"paddingAsymmetric":false,"viewInsets":{"left":0.0,"top":0.0,"right":0.0,"bottom":0.0},"viewPadding":{"left":0.0,"top":0.0,"right":0.0,"bottom":34.0},"displayFeatures":[],"orientation":"portrait","textScalerScaleOf14":14.0,"platformBrightness":"light","rootConstraints":{"minWidth":469.0,"maxWidth":469.0,"minHeight":669.0,"maxHeight":669.0},"lifecycle":{"state":"resumed","at":"2026-09-21T14:41:32.978998"},"portraitLocked":false}
flutter: [DUO_PROBE] didChangeMetrics at 2026-09-21T14:41:36.351204
flutter: [DUO_PROBE] snapshot {"condition":"07-split-view-attempt-stock","rootBuilds":12,"size":{"width":951.0,"height":669.0},"devicePixelRatio":3.0,"physicalPixels":{"width":2853.0,"height":2007.0},"padding":{"left":0.0,"top":0.0,"right":0.0,"bottom":34.0},"paddingAsymmetric":false,"viewInsets":{"left":0.0,"top":0.0,"right":0.0,"bottom":0.0},"viewPadding":{"left":0.0,"top":0.0,"right":0.0,"bottom":34.0},"displayFeatures":[],"orientation":"landscape","textScalerScaleOf14":14.0,"platformBrightness":"light","rootConstraints":{"minWidth":951.0,"maxWidth":951.0,"minHeight":669.0,"maxHeight":669.0},"lifecycle":{"state":"resumed","at":"2026-09-21T14:41:32.978998"},"portraitLocked":false}
flutter: [DUO_PROBE] foldable connection=active isFoldable=true status=fullyOpen angle=180.0 regions=2
flutter: [DUO_PROBE] didChangeMetrics at 2026-09-21T14:41:36.452817
flutter: [DUO_PROBE] didChangeMetrics at 2026-09-21T14:41:36.811624
flutter: [DUO_PROBE] didChangeMetrics at 2026-09-21T14:41:36.840142
flutter: [DUO_PROBE] snapshot {"condition":"07-split-view-attempt-stock","rootBuilds":12,"size":{"width":951.0,"height":669.0},"devicePixelRatio":3.0,"physicalPixels":{"width":2853.0,"height":2007.0},"padding":{"left":0.0,"top":0.0,"right":84.0,"bottom":34.0},"paddingAsymmetric":true,"viewInsets":{"left":0.0,"top":0.0,"right":0.0,"bottom":0.0},"viewPadding":{"left":0.0,"top":0.0,"right":84.0,"bottom":34.0},"displayFeatures":[],"orientation":"landscape","textScalerScaleOf14":14.0,"platformBrightness":"light","rootConstraints":{"minWidth":951.0,"maxWidth":951.0,"minHeight":669.0,"maxHeight":669.0},"lifecycle":{"state":"resumed","at":"2026-09-21T14:41:32.978998"},"portraitLocked":false}
flutter: [DUO_PROBE] lifecycle=inactive at 2026-09-21T14:42:37.855668
flutter: [DUO_PROBE] snapshot {"condition":"07-split-view-attempt-stock","rootBuilds":13,"size":{"width":951.0,"height":669.0},"devicePixelRatio":3.0,"physicalPixels":{"width":2853.0,"height":2007.0},"padding":{"left":0.0,"top":0.0,"right":84.0,"bottom":34.0},"paddingAsymmetric":true,"viewInsets":{"left":0.0,"top":0.0,"right":0.0,"bottom":0.0},"viewPadding":{"left":0.0,"top":0.0,"right":84.0,"bottom":34.0},"displayFeatures":[],"orientation":"landscape","textScalerScaleOf14":14.0,"platformBrightness":"light","rootConstraints":{"minWidth":951.0,"maxWidth":951.0,"minHeight":669.0,"maxHeight":669.0},"lifecycle":{"state":"inactive","at":"2026-09-21T14:42:37.855668"},"portraitLocked":false}
flutter: [DUO_PROBE] didChangeMetrics at 2026-09-21T14:42:38.221759
flutter: [DUO_PROBE] didChangeMetrics at 2026-09-21T14:42:38.239925
flutter: [DUO_PROBE] snapshot {"condition":"07-split-view-attempt-stock","rootBuilds":13,"size":{"width":951.0,"height":669.0},"devicePixelRatio":3.0,"physicalPixels":{"width":2853.0,"height":2007.0},"padding":{"left":0.0,"top":0.0,"right":0.0,"bottom":34.0},"paddingAsymmetric":false,"viewInsets":{"left":0.0,"top":0.0,"right":0.0,"bottom":0.0},"viewPadding":{"left":0.0,"top":0.0,"right":0.0,"bottom":34.0},"displayFeatures":[],"orientation":"landscape","textScalerScaleOf14":14.0,"platformBrightness":"light","rootConstraints":{"minWidth":951.0,"maxWidth":951.0,"minHeight":669.0,"maxHeight":669.0},"lifecycle":{"state":"inactive","at":"2026-09-21T14:42:37.855668"},"portraitLocked":false}
flutter: [DUO_PROBE] didChangeMetrics at 2026-09-21T14:42:38.813144
flutter: [DUO_PROBE] snapshot {"condition":"07-split-view-attempt-stock","rootBuilds":14,"size":{"width":469.0,"height":669.0},"devicePixelRatio":3.0,"physicalPixels":{"width":1407.0,"height":2007.0},"padding":{"left":0.0,"top":0.0,"right":0.0,"bottom":34.0},"paddingAsymmetric":false,"viewInsets":{"left":0.0,"top":0.0,"right":0.0,"bottom":0.0},"viewPadding":{"left":0.0,"top":0.0,"right":0.0,"bottom":34.0},"displayFeatures":[],"orientation":"portrait","textScalerScaleOf14":14.0,"platformBrightness":"light","rootConstraints":{"minWidth":469.0,"maxWidth":469.0,"minHeight":669.0,"maxHeight":669.0},"lifecycle":{"state":"inactive","at":"2026-09-21T14:42:37.855668"},"portraitLocked":false}
flutter: [DUO_PROBE] foldable connection=active isFoldable=true status=fullyOpen angle=180.0 regions=1
flutter: [DUO_PROBE] didChangeMetrics at 2026-09-21T14:42:38.907487
flutter: [DUO_PROBE] lifecycle=resumed at 2026-09-21T14:42:39.485794
flutter: [DUO_PROBE] snapshot {"condition":"07-split-view-attempt-stock","rootBuilds":15,"size":{"width":469.0,"height":669.0},"devicePixelRatio":3.0,"physicalPixels":{"width":1407.0,"height":2007.0},"padding":{"left":0.0,"top":0.0,"right":0.0,"bottom":34.0},"paddingAsymmetric":false,"viewInsets":{"left":0.0,"top":0.0,"right":0.0,"bottom":0.0},"viewPadding":{"left":0.0,"top":0.0,"right":0.0,"bottom":34.0},"displayFeatures":[],"orientation":"portrait","textScalerScaleOf14":14.0,"platformBrightness":"light","rootConstraints":{"minWidth":469.0,"maxWidth":469.0,"minHeight":669.0,"maxHeight":669.0},"lifecycle":{"state":"resumed","at":"2026-09-21T14:42:39.485794"},"portraitLocked":false}
flutter: [DUO_PROBE] command condition/07-split-view-50
flutter: [DUO_PROBE] snapshot {"condition":"07-split-view-50","rootBuilds":16,"size":{"width":469.0,"height":669.0},"devicePixelRatio":3.0,"physicalPixels":{"width":1407.0,"height":2007.0},"padding":{"left":0.0,"top":0.0,"right":0.0,"bottom":34.0},"paddingAsymmetric":false,"viewInsets":{"left":0.0,"top":0.0,"right":0.0,"bottom":0.0},"viewPadding":{"left":0.0,"top":0.0,"right":0.0,"bottom":34.0},"displayFeatures":[],"orientation":"portrait","textScalerScaleOf14":14.0,"platformBrightness":"light","rootConstraints":{"minWidth":469.0,"maxWidth":469.0,"minHeight":669.0,"maxHeight":669.0},"lifecycle":{"state":"resumed","at":"2026-09-21T14:42:39.485794"},"portraitLocked":false}
flutter: [DUO_PROBE] command foldable
flutter: [DUO_PROBE] foldableSnapshot isFoldable=true status=fullyOpen angle=180.0 hSizeClass=compact vSizeClass=regular supportLevel=available hingeApi=true regionApi=true angleVerified=true strategy=updateHandler regions=[division:Rect.fromLTRB(455.5, 0.0, 469.0, 669.0):false] bridgedFeatures=0
flutter: [DUO_PROBE] foldableNativeApi {hingeApiPresent: true, uidevicehingeSelectors: [], builtWithNativeApi: false, uiviewReservedSelectors: [reservedRegionsOfKind:, reservedRegionsOfKind:options:], delegateMethods: null, systemVersion: 27.1, model: iPhone, regionApiPresent: true, classes: {UIViewReservedRegion: {superclass: Optional(NSObject), protocols: [NSCopying], instanceMethods: [copyWithZone:, description, hash, init, isEqual:, .cxx_destruct, identifier, kind, isActive, frame, margins], classMethods: [_reservedRegionForSceneRegion:view:], properties: [identifier, kind, frame, margins, active, hash, description]}, UIReservedRegion: null, UIHingeInteractionDelegate: null, UIHinge: {properties: [status, angle, hash, superclass, description, debugDescription], instanceMethods: [copyWithZone:, debugDescription, description, hash, init, isEqual:, status, angle, appendDescriptionToStream:, succinctDescription], protocols: [BSDescriptionStreaming, NSCopying], classMethods: [], superclass: Optional(N<…>
flutter: [DUO_PROBE] command log
flutter: [DUO_PROBE] snapshot {"condition":"07-split-view-50","rootBuilds":17,"size":{"width":469.0,"height":669.0},"devicePixelRatio":3.0,"physicalPixels":{"width":1407.0,"height":2007.0},"padding":{"left":0.0,"top":0.0,"right":0.0,"bottom":34.0},"paddingAsymmetric":false,"viewInsets":{"left":0.0,"top":0.0,"right":0.0,"bottom":0.0},"viewPadding":{"left":0.0,"top":0.0,"right":0.0,"bottom":34.0},"displayFeatures":[],"orientation":"portrait","textScalerScaleOf14":14.0,"platformBrightness":"light","rootConstraints":{"minWidth":469.0,"maxWidth":469.0,"minHeight":669.0,"maxHeight":669.0},"lifecycle":{"state":"resumed","at":"2026-09-21T14:42:39.485794"},"portraitLocked":false}
flutter: [DUO_PROBE] didChangeMetrics at 2026-09-21T14:45:25.938978
flutter: [DUO_PROBE] lifecycle=inactive at 2026-09-21T14:45:26.378344
flutter: [DUO_PROBE] didChangeMetrics at 2026-09-21T14:45:26.400707
flutter: [DUO_PROBE] snapshot {"condition":"07-split-view-50","rootBuilds":18,"size":{"width":469.0,"height":669.0},"devicePixelRatio":3.0,"physicalPixels":{"width":1407.0,"height":2007.0},"padding":{"left":0.0,"top":0.0,"right":84.0,"bottom":34.0},"paddingAsymmetric":true,"viewInsets":{"left":0.0,"top":0.0,"right":0.0,"bottom":0.0},"viewPadding":{"left":0.0,"top":0.0,"right":84.0,"bottom":34.0},"displayFeatures":[],"orientation":"portrait","textScalerScaleOf14":14.0,"platformBrightness":"light","rootConstraints":{"minWidth":469.0,"maxWidth":469.0,"minHeight":669.0,"maxHeight":669.0},"lifecycle":{"state":"inactive","at":"2026-09-21T14:45:26.378344"},"portraitLocked":false}
flutter: [DUO_PROBE] lifecycle=hidden at 2026-09-21T14:45:26.783507
flutter: [DUO_PROBE] lifecycle=paused at 2026-09-21T14:45:26.784161
flutter: [DUO_PROBE] didChangeMetrics at 2026-09-21T14:45:27.357792
flutter: [DUO_PROBE] didChangeMetrics at 2026-09-21T14:45:27.359671
flutter: [DUO_PROBE] didChangeMetrics at 2026-09-21T14:45:27.457925
flutter: [DUO_PROBE] didChangeMetrics at 2026-09-21T14:45:27.459557
flutter: [DUO_PROBE] snapshot {"condition":"07-split-view-50","rootBuilds":19,"size":{"width":469.0,"height":669.0},"devicePixelRatio":3.0,"physicalPixels":{"width":1407.0,"height":2007.0},"padding":{"left":0.0,"top":0.0,"right":84.0,"bottom":34.0},"paddingAsymmetric":true,"viewInsets":{"left":0.0,"top":0.0,"right":0.0,"bottom":0.0},"viewPadding":{"left":0.0,"top":0.0,"right":84.0,"bottom":34.0},"displayFeatures":[],"orientation":"portrait","textScalerScaleOf14":14.0,"platformBrightness":"light","rootConstraints":{"minWidth":469.0,"maxWidth":469.0,"minHeight":669.0,"maxHeight":669.0},"lifecycle":{"state":"paused","at":"2026-09-21T14:45:26.784161"},"portraitLocked":false}
flutter: [DUO_PROBE] foldable connection=active isFoldable=true status=fullyOpen angle=180.0 regions=0
flutter: [DUO_PROBE] command log
flutter: [DUO_PROBE] didChangeMetrics at 2026-09-21T14:47:53.356354
flutter: [DUO_PROBE] lifecycle=hidden at 2026-09-21T14:47:53.383214
flutter: [DUO_PROBE] lifecycle=inactive at 2026-09-21T14:47:53.384033
flutter: [DUO_PROBE] didChangeMetrics at 2026-09-21T14:47:53.398576
flutter: [DUO_PROBE] snapshot {"condition":"07-split-view-50","rootBuilds":20,"size":{"width":469.0,"height":669.0},"devicePixelRatio":3.0,"physicalPixels":{"width":1407.0,"height":2007.0},"padding":{"left":0.0,"top":0.0,"right":0.0,"bottom":34.0},"paddingAsymmetric":false,"viewInsets":{"left":0.0,"top":0.0,"right":0.0,"bottom":0.0},"viewPadding":{"left":0.0,"top":0.0,"right":0.0,"bottom":34.0},"displayFeatures":[],"orientation":"portrait","textScalerScaleOf14":14.0,"platformBrightness":"light","rootConstraints":{"minWidth":469.0,"maxWidth":469.0,"minHeight":669.0,"maxHeight":669.0},"lifecycle":{"state":"inactive","at":"2026-09-21T14:47:53.384033"},"portraitLocked":false}
flutter: [DUO_PROBE] lifecycle=resumed at 2026-09-21T14:47:53.616762
flutter: [DUO_PROBE] snapshot {"condition":"07-split-view-50","rootBuilds":21,"size":{"width":469.0,"height":669.0},"devicePixelRatio":3.0,"physicalPixels":{"width":1407.0,"height":2007.0},"padding":{"left":0.0,"top":0.0,"right":0.0,"bottom":34.0},"paddingAsymmetric":false,"viewInsets":{"left":0.0,"top":0.0,"right":0.0,"bottom":0.0},"viewPadding":{"left":0.0,"top":0.0,"right":0.0,"bottom":34.0},"displayFeatures":[],"orientation":"portrait","textScalerScaleOf14":14.0,"platformBrightness":"light","rootConstraints":{"minWidth":469.0,"maxWidth":469.0,"minHeight":669.0,"maxHeight":669.0},"lifecycle":{"state":"resumed","at":"2026-09-21T14:47:53.616762"},"portraitLocked":false}
flutter: [DUO_PROBE] didChangeMetrics at 2026-09-21T14:47:54.893585
flutter: [DUO_PROBE] snapshot {"condition":"07-split-view-50","rootBuilds":22,"size":{"width":951.0,"height":669.0},"devicePixelRatio":3.0,"physicalPixels":{"width":2853.0,"height":2007.0},"padding":{"left":0.0,"top":0.0,"right":0.0,"bottom":34.0},"paddingAsymmetric":false,"viewInsets":{"left":0.0,"top":0.0,"right":0.0,"bottom":0.0},"viewPadding":{"left":0.0,"top":0.0,"right":0.0,"bottom":34.0},"displayFeatures":[],"orientation":"landscape","textScalerScaleOf14":14.0,"platformBrightness":"light","rootConstraints":{"minWidth":951.0,"maxWidth":951.0,"minHeight":669.0,"maxHeight":669.0},"lifecycle":{"state":"resumed","at":"2026-09-21T14:47:53.616762"},"portraitLocked":false}
flutter: [DUO_PROBE] foldable connection=active isFoldable=true status=fullyOpen angle=180.0 regions=2
flutter: [DUO_PROBE] didChangeMetrics at 2026-09-21T14:47:54.990885
flutter: [DUO_PROBE] didChangeMetrics at 2026-09-21T14:47:59.164080
flutter: [DUO_PROBE] snapshot {"condition":"07-split-view-50","rootBuilds":23,"size":{"width":469.0,"height":669.0},"devicePixelRatio":3.0,"physicalPixels":{"width":1407.0,"height":2007.0},"padding":{"left":0.0,"top":0.0,"right":0.0,"bottom":34.0},"paddingAsymmetric":false,"viewInsets":{"left":0.0,"top":0.0,"right":0.0,"bottom":0.0},"viewPadding":{"left":0.0,"top":0.0,"right":0.0,"bottom":34.0},"displayFeatures":[],"orientation":"portrait","textScalerScaleOf14":14.0,"platformBrightness":"light","rootConstraints":{"minWidth":469.0,"maxWidth":469.0,"minHeight":669.0,"maxHeight":669.0},"lifecycle":{"state":"resumed","at":"2026-09-21T14:47:53.616762"},"portraitLocked":false}
flutter: [DUO_PROBE] foldable connection=active isFoldable=true status=fullyOpen angle=180.0 regions=1
flutter: [DUO_PROBE] didChangeMetrics at 2026-09-21T14:47:59.235268
flutter: [DUO_PROBE] command condition/07-split-view-50
flutter: [DUO_PROBE] snapshot {"condition":"07-split-view-50","rootBuilds":24,"size":{"width":469.0,"height":669.0},"devicePixelRatio":3.0,"physicalPixels":{"width":1407.0,"height":2007.0},"padding":{"left":0.0,"top":0.0,"right":0.0,"bottom":34.0},"paddingAsymmetric":false,"viewInsets":{"left":0.0,"top":0.0,"right":0.0,"bottom":0.0},"viewPadding":{"left":0.0,"top":0.0,"right":0.0,"bottom":34.0},"displayFeatures":[],"orientation":"portrait","textScalerScaleOf14":14.0,"platformBrightness":"light","rootConstraints":{"minWidth":469.0,"maxWidth":469.0,"minHeight":669.0,"maxHeight":669.0},"lifecycle":{"state":"resumed","at":"2026-09-21T14:47:53.616762"},"portraitLocked":false}
flutter: [DUO_PROBE] command foldable
flutter: [DUO_PROBE] foldableSnapshot isFoldable=true status=fullyOpen angle=180.0 hSizeClass=compact vSizeClass=regular supportLevel=available hingeApi=true regionApi=true angleVerified=true strategy=updateHandler regions=[division:Rect.fromLTRB(455.5, 0.0, 469.0, 669.0):false] bridgedFeatures=0
flutter: [DUO_PROBE] foldableNativeApi {uidevicehingeSelectors: [], hingeApiPresent: true, systemVersion: 27.1, uiviewReservedSelectors: [reservedRegionsOfKind:, reservedRegionsOfKind:options:], delegateMethods: null, uiviewHingeSelectors: [], builtWithNativeApi: false, model: iPhone, regionApiPresent: true, classes: {UIHingeState: null, UIReservedRegion: null, UIHinge: {protocols: [BSDescriptionStreaming, NSCopying], instanceMethods: [copyWithZone:, debugDescription, description, hash, init, isEqual:, status, angle, appendDescriptionToStream:, succinctDescription], superclass: Optional(NSObject), classMethods: [], properties: [status, angle, hash, superclass, description, debugDescription]}, UIHingeInteraction: {superclass: Optional(NSObject), classMethods: [], instanceMethods: [dealloc, debugDescription, description, init, .cxx_destruct, setEnabled:, isEnabled, willMoveToView:, _updateForSceneHingeState:, _windowWillMoveToNilScene:, appendDescriptionToStream:, didMoveToView:, initWithUpdateHandler:<…>
flutter: [DUO_PROBE] foldable connection=active isFoldable=true status=partiallyOpen angle=171.80331420898438 regions=1
flutter: [DUO_PROBE] foldable connection=active isFoldable=true status=partiallyOpen angle=127.77777862548828 regions=1
flutter: [DUO_PROBE] foldable connection=active isFoldable=true status=partiallyOpen angle=127.77777862548828 regions=1
flutter: [DUO_PROBE] foldable connection=active isFoldable=true status=partiallyOpen angle=127.77777862548828 regions=1
flutter: [DUO_PROBE] foldable connection=active isFoldable=true status=partiallyOpen angle=132.05471801757812 regions=1
flutter: [DUO_PROBE] foldable connection=active isFoldable=true status=partiallyOpen angle=144.60060119628906 regions=1
flutter: [DUO_PROBE] foldable connection=active isFoldable=true status=partiallyOpen angle=149.38278198242188 regions=1
flutter: [DUO_PROBE] foldable connection=active isFoldable=true status=partiallyOpen angle=156.41839599609375 regions=1
flutter: [DUO_PROBE] foldable connection=active isFoldable=true status=partiallyOpen angle=165.92723083496097 regions=1
flutter: [DUO_PROBE] foldable connection=active isFoldable=true status=partiallyOpen angle=169.27133178710935 regions=1
flutter: [DUO_PROBE] foldable connection=active isFoldable=true status=partiallyOpen angle=171.810791015625 regions=1
flutter: [DUO_PROBE] foldable connection=active isFoldable=true status=partiallyOpen angle=172.8865966796875 regions=1
flutter: [DUO_PROBE] foldable connection=active isFoldable=true status=partiallyOpen angle=173.8069305419922 regions=1
flutter: [DUO_PROBE] foldable connection=active isFoldable=true status=partiallyOpen angle=174.52874755859378 regions=1
flutter: [DUO_PROBE] foldable connection=active isFoldable=true status=fullyOpen angle=180.0 regions=1
Lost connection to device.
Launching lib/main.dart on iPhone Duo in debug mode...
Running Xcode build...                                          
Xcode build done.                                            5.1s
[IMPORTANT:flutter/shell/platform/darwin/graphics/FlutterDarwinContextMetalImpeller.mm(45)] Using the Impeller rendering backend (Metal).
Plugin FoldablePlugin uses deprecated application lifecycle events. Please contact plugin maintainers and request UIScene lifecycle support. This will be required in a future version of Flutter. See https://docs.flutter.dev/release/breaking-changes/uiscenedelegate#migration-guide-for-flutter-plugins
Syncing files to device iPhone Duo...                           
flutter: [DUO_PROBE] commandFile /Users/rcjuancarlosuwu/Library/Developer/CoreSimulator/Devices/AA16FBB4-F351-4AD9-BBF5-45562B10CFDD/data/Containers/Data/Application/C12F5D75-BE6B-45AB-A366-E910C4ECAD60/tmp/duo_probe_command
flutter: [DUO_PROBE] App.initState at 2026-09-21T15:34:39.033937
Syncing files to device iPhone Duo...                              173ms

Flutter run key commands.
r Hot reload. 🔥🔥🔥
R Hot restart.
h List all available interactive commands.
d Detach (terminate "flutter run" but leave application running).
c Clear the screen
q Quit (terminate the application on the device).

A Dart VM Service on iPhone Duo is available at: http://127.0.0.1:53162/1k45G3ZaXds=/
The Flutter DevTools debugger and profiler on iPhone Duo is available at: http://127.0.0.1:53162/1k45G3ZaXds=/devtools/?uri=ws://127.0.0.1:53162/1k45G3ZaXds=/ws
flutter: [DUO_PROBE] snapshot {"condition":"","rootBuilds":1,"size":{"width":678.0,"height":466.0},"devicePixelRatio":3.0,"physicalPixels":{"width":2034.0,"height":1398.0},"padding":{"left":0.0,"top":0.0,"right":84.0,"bottom":34.0},"paddingAsymmetric":true,"viewInsets":{"left":0.0,"top":0.0,"right":0.0,"bottom":0.0},"viewPadding":{"left":0.0,"top":0.0,"right":84.0,"bottom":34.0},"displayFeatures":[],"orientation":"landscape","textScalerScaleOf14":14.0,"platformBrightness":"light","rootConstraints":{"minWidth":678.0,"maxWidth":678.0,"minHeight":466.0,"maxHeight":466.0},"lifecycle":{"state":"none","at":"-"},"portraitLocked":false}
flutter: [DUO_PROBE] StatePage.initState instance=1 at 2026-09-21T15:34:39.295531
flutter: [DUO_PROBE] foldable connection=waiting isFoldable=null status=null angle=null regions=null
flutter: [DUO_PROBE] didChangeMetrics at 2026-09-21T15:34:39.632950
flutter: [DUO_PROBE] lifecycle=resumed at 2026-09-21T15:34:40.007718
flutter: [DUO_PROBE] snapshot {"condition":"","rootBuilds":2,"size":{"width":678.0,"height":466.0},"devicePixelRatio":3.0,"physicalPixels":{"width":2034.0,"height":1398.0},"padding":{"left":0.0,"top":0.0,"right":84.0,"bottom":34.0},"paddingAsymmetric":true,"viewInsets":{"left":0.0,"top":0.0,"right":0.0,"bottom":0.0},"viewPadding":{"left":0.0,"top":0.0,"right":84.0,"bottom":34.0},"displayFeatures":[],"orientation":"landscape","textScalerScaleOf14":14.0,"platformBrightness":"light","rootConstraints":{"minWidth":678.0,"maxWidth":678.0,"minHeight":466.0,"maxHeight":466.0},"lifecycle":{"state":"resumed","at":"2026-09-21T15:34:40.007718"},"portraitLocked":false}
flutter: [DUO_PROBE] foldable connection=active isFoldable=false status=unknown angle=null regions=0
flutter: [DUO_PROBE] foldable connection=active isFoldable=true status=closed angle=0.0 regions=2
flutter: [DUO_PROBE] didChangeMetrics at 2026-09-21T15:34:40.303259
-[WFIsolatedShortcutRunner init] Taking sandbox extensions for execution
-[WFIsolatedShortcutRunner init]_block_invoke Sandbox extensions acquired
Indexing for request: <WFToolKitIndexingRequest: 0x106050360>, changeset: .partial(updatedCount: 1 removedCount: 0 updated: ["com.example.duoProbe"], removed: [], provenance: [VoiceShortcutClient.ToolKitIndexingReason.Changeset.Provenance.launchServicesSnapshot(<LaunchServicesSnapshot uuid=20459EB1-247A-49B0-B4EB-857B47688135, v=772)> ["com.apple.Sharing.AirDropUI", "com.apple.livetranscriptionui", "com.apple.PassbookStub", "com.apple.commandandcontrol", "com.apple.LoginUI", "com.apple.HealthPrivacyService", "com.apple.webapp", "com.apple.MediaRemoteAppIntentsExtension", "com.apple.intelligenceplatform.IntelligencePlatform.IntelligencePlatformDataActionsAppIntentsExtension", "com.apple.TDGSharingViewService", "com.apple.Photos.PhotosUIService", "com.apple.GameTrampoline", "com.apple.health.HealthIntentsExtension", "com.apple.BusinessChatViewService", "com.apple.PeopleMessageService", "com.apple.PassKit.PassbookStubAppIntentsExtension", "com.apple.Spotlight", "com.apple.ProximityReaderUIService", "com.apple.ActivityMessagesApp",<…>, priority: <decode: missing data>
Type indexing (params + content items) took 0.000130s
Action indexing took 0.000884s
Indexed: 0
Errored: 0
Skipped: [:]
Bundle cache: 0 hits, 0 misses
Finished in 0.407970s
-[WFIsolatedShortcutRunner unaliveProcess] Releasing sandbox extensions
flutter: [DUO_PROBE] foldable connection=active isFoldable=true status=closed angle=0.0 regions=2
flutter: [DUO_PROBE] didChangeMetrics at 2026-09-21T15:34:43.370086
flutter: [DUO_PROBE] snapshot {"condition":"","rootBuilds":2,"size":{"width":678.0,"height":466.0},"devicePixelRatio":3.0,"physicalPixels":{"width":2034.0,"height":1398.0},"padding":{"left":84.0,"top":0.0,"right":0.0,"bottom":34.0},"paddingAsymmetric":true,"viewInsets":{"left":0.0,"top":0.0,"right":0.0,"bottom":0.0},"viewPadding":{"left":84.0,"top":0.0,"right":0.0,"bottom":34.0},"displayFeatures":[],"orientation":"landscape","textScalerScaleOf14":14.0,"platformBrightness":"light","rootConstraints":{"minWidth":678.0,"maxWidth":678.0,"minHeight":466.0,"maxHeight":466.0},"lifecycle":{"state":"resumed","at":"2026-09-21T15:34:40.007718"},"portraitLocked":false}
flutter: [DUO_PROBE] foldable connection=active isFoldable=true status=partiallyOpen angle=149.77207946777344 regions=2
flutter: [DUO_PROBE] foldable connection=active isFoldable=true status=partiallyOpen angle=171.19969177246097 regions=2
flutter: [DUO_PROBE] foldable connection=active isFoldable=true status=partiallyOpen angle=171.74395751953125 regions=2
flutter: [DUO_PROBE] foldable connection=active isFoldable=true status=partiallyOpen angle=172.57550048828125 regions=2
flutter: [DUO_PROBE] foldable connection=active isFoldable=true status=partiallyOpen angle=174.23635864257815 regions=2
flutter: [DUO_PROBE] foldable connection=active isFoldable=true status=partiallyOpen angle=174.53727722167966 regions=2
flutter: [DUO_PROBE] foldable connection=active isFoldable=true status=fullyOpen angle=180.0 regions=2
flutter: [DUO_PROBE] didChangeMetrics at 2026-09-21T15:34:44.586772
flutter: [DUO_PROBE] didChangeMetrics at 2026-09-21T15:34:44.867294
flutter: [DUO_PROBE] didChangeMetrics at 2026-09-21T15:34:44.909064
flutter: [DUO_PROBE] didChangeMetrics at 2026-09-21T15:34:44.948686
flutter: [DUO_PROBE] snapshot {"condition":"","rootBuilds":2,"size":{"width":669.0,"height":951.0},"devicePixelRatio":3.0,"physicalPixels":{"width":2007.0,"height":2853.0},"padding":{"left":0.0,"top":82.0,"right":0.0,"bottom":34.0},"paddingAsymmetric":false,"viewInsets":{"left":0.0,"top":0.0,"right":0.0,"bottom":0.0},"viewPadding":{"left":0.0,"top":82.0,"right":0.0,"bottom":34.0},"displayFeatures":[],"orientation":"portrait","textScalerScaleOf14":14.0,"platformBrightness":"light","rootConstraints":{"minWidth":669.0,"maxWidth":669.0,"minHeight":951.0,"maxHeight":951.0},"lifecycle":{"state":"resumed","at":"2026-09-21T15:34:40.007718"},"portraitLocked":false}
flutter: [DUO_PROBE] foldable connection=active isFoldable=true status=fullyOpen angle=180.0 regions=1
flutter: [DUO_PROBE] didChangeMetrics at 2026-09-21T15:34:45.023970
flutter: [DUO_PROBE] foldable connection=active isFoldable=true status=fullyOpen angle=180.0 regions=2
flutter: [DUO_PROBE] command condition/03-inner-open-portrait
flutter: [DUO_PROBE] snapshot {"condition":"03-inner-open-portrait","rootBuilds":3,"size":{"width":669.0,"height":951.0},"devicePixelRatio":3.0,"physicalPixels":{"width":2007.0,"height":2853.0},"padding":{"left":0.0,"top":82.0,"right":0.0,"bottom":34.0},"paddingAsymmetric":false,"viewInsets":{"left":0.0,"top":0.0,"right":0.0,"bottom":0.0},"viewPadding":{"left":0.0,"top":82.0,"right":0.0,"bottom":34.0},"displayFeatures":[],"orientation":"portrait","textScalerScaleOf14":14.0,"platformBrightness":"light","rootConstraints":{"minWidth":669.0,"maxWidth":669.0,"minHeight":951.0,"maxHeight":951.0},"lifecycle":{"state":"resumed","at":"2026-09-21T15:34:40.007718"},"portraitLocked":false}
flutter: [DUO_PROBE] command foldable
flutter: [DUO_PROBE] foldableSnapshot isFoldable=true status=fullyOpen angle=180.0 hSizeClass=regular vSizeClass=regular supportLevel=available hingeApi=true regionApi=true angleVerified=true strategy=updateHandler regions=[division:Rect.fromLTRB(0.0, 455.5, 669.0, 495.5):false, occlusion:Rect.fromLTRB(535.0, 0.0, 669.0, 82.0):true] bridgedFeatures=0
flutter: [DUO_PROBE] foldableNativeApi {systemVersion: 27.1, model: iPhone, uiviewHingeSelectors: [], delegateMethods: null, uiviewReservedSelectors: [reservedRegionsOfKind:, reservedRegionsOfKind:options:], uidevicehingeSelectors: [], classes: {UIHingeInteractionDelegate: null, UIHinge: {superclass: Optional(NSObject), instanceMethods: [copyWithZone:, debugDescription, description, hash, init, isEqual:, status, angle, appendDescriptionToStream:, succinctDescription], properties: [status, angle, hash, superclass, description, debugDescription], classMethods: [], protocols: [BSDescriptionStreaming, NSCopying]}, UIHingeInteraction: {superclass: Optional(NSObject), protocols: [BSDescriptionStreaming, _UISceneHingeStateClientObserver, UIInteraction], classMethods: [], instanceMethods: [dealloc, debugDescription, description, init, .cxx_destruct, setEnabled:, isEnabled, willMoveToView:, _updateForSceneHingeState:, _windowWillMoveToNilScene:, appendDescriptionToStream:, didMoveToView:, initWithUpdateHandle<…>
flutter: [DUO_PROBE] command orient/portrait
flutter: [DUO_PROBE] setPreferredOrientations portrait -> [DeviceOrientation.portraitUp]
Failed to change device orientation: Error Domain=UISceneErrorDomain Code=101 "The current windowing mode does not allow for programmatic changes to interface orientation." UserInfo={NSLocalizedDescription=The current windowing mode does not allow for programmatic changes to interface orientation.}
flutter: [DUO_PROBE] snapshot {"condition":"03-inner-open-portrait","rootBuilds":4,"size":{"width":669.0,"height":951.0},"devicePixelRatio":3.0,"physicalPixels":{"width":2007.0,"height":2853.0},"padding":{"left":0.0,"top":82.0,"right":0.0,"bottom":34.0},"paddingAsymmetric":false,"viewInsets":{"left":0.0,"top":0.0,"right":0.0,"bottom":0.0},"viewPadding":{"left":0.0,"top":82.0,"right":0.0,"bottom":34.0},"displayFeatures":[],"orientation":"portrait","textScalerScaleOf14":14.0,"platformBrightness":"light","rootConstraints":{"minWidth":669.0,"maxWidth":669.0,"minHeight":951.0,"maxHeight":951.0},"lifecycle":{"state":"resumed","at":"2026-09-21T15:34:40.007718"},"portraitLocked":true}
flutter: [DUO_PROBE] command orient/free
flutter: [DUO_PROBE] setPreferredOrientations free -> [DeviceOrientation.portraitUp, DeviceOrientation.landscapeLeft, DeviceOrientation.portraitDown, DeviceOrientation.landscapeRight]
Failed to change device orientation: Error Domain=UISceneErrorDomain Code=101 "The current windowing mode does not allow for programmatic changes to interface orientation." UserInfo={NSLocalizedDescription=The current windowing mode does not allow for programmatic changes to interface orientation.}
flutter: [DUO_PROBE] snapshot {"condition":"03-inner-open-portrait","rootBuilds":5,"size":{"width":669.0,"height":951.0},"devicePixelRatio":3.0,"physicalPixels":{"width":2007.0,"height":2853.0},"padding":{"left":0.0,"top":82.0,"right":0.0,"bottom":34.0},"paddingAsymmetric":false,"viewInsets":{"left":0.0,"top":0.0,"right":0.0,"bottom":0.0},"viewPadding":{"left":0.0,"top":82.0,"right":0.0,"bottom":34.0},"displayFeatures":[],"orientation":"portrait","textScalerScaleOf14":14.0,"platformBrightness":"light","rootConstraints":{"minWidth":669.0,"maxWidth":669.0,"minHeight":951.0,"maxHeight":951.0},"lifecycle":{"state":"resumed","at":"2026-09-21T15:34:40.007718"},"portraitLocked":false}
flutter: [DUO_PROBE] command orient/landscape
flutter: [DUO_PROBE] setPreferredOrientations landscape -> [DeviceOrientation.landscapeLeft, DeviceOrientation.landscapeRight]
Failed to change device orientation: Error Domain=UISceneErrorDomain Code=101 "The current windowing mode does not allow for programmatic changes to interface orientation." UserInfo={NSLocalizedDescription=The current windowing mode does not allow for programmatic changes to interface orientation.}
flutter: [DUO_PROBE] snapshot {"condition":"03-inner-open-portrait","rootBuilds":6,"size":{"width":669.0,"height":951.0},"devicePixelRatio":3.0,"physicalPixels":{"width":2007.0,"height":2853.0},"padding":{"left":0.0,"top":82.0,"right":0.0,"bottom":34.0},"paddingAsymmetric":false,"viewInsets":{"left":0.0,"top":0.0,"right":0.0,"bottom":0.0},"viewPadding":{"left":0.0,"top":82.0,"right":0.0,"bottom":34.0},"displayFeatures":[],"orientation":"portrait","textScalerScaleOf14":14.0,"platformBrightness":"light","rootConstraints":{"minWidth":669.0,"maxWidth":669.0,"minHeight":951.0,"maxHeight":951.0},"lifecycle":{"state":"resumed","at":"2026-09-21T15:34:40.007718"},"portraitLocked":false}
flutter: [DUO_PROBE] command orient/free
Failed to change device orientation: Error Domain=UISceneErrorDomain Code=101 "The current windowing mode does not allow for programmatic changes to interface orientation." UserInfo={NSLocalizedDescription=The current windowing mode does not allow for programmatic changes to interface orientation.}
flutter: [DUO_PROBE] setPreferredOrientations free -> [DeviceOrientation.portraitUp, DeviceOrientation.landscapeLeft, DeviceOrientation.portraitDown, DeviceOrientation.landscapeRight]
flutter: [DUO_PROBE] snapshot {"condition":"03-inner-open-portrait","rootBuilds":7,"size":{"width":669.0,"height":951.0},"devicePixelRatio":3.0,"physicalPixels":{"width":2007.0,"height":2853.0},"padding":{"left":0.0,"top":82.0,"right":0.0,"bottom":34.0},"paddingAsymmetric":false,"viewInsets":{"left":0.0,"top":0.0,"right":0.0,"bottom":0.0},"viewPadding":{"left":0.0,"top":82.0,"right":0.0,"bottom":34.0},"displayFeatures":[],"orientation":"portrait","textScalerScaleOf14":14.0,"platformBrightness":"light","rootConstraints":{"minWidth":669.0,"maxWidth":669.0,"minHeight":951.0,"maxHeight":951.0},"lifecycle":{"state":"resumed","at":"2026-09-21T15:34:40.007718"},"portraitLocked":false}
Launching lib/main.dart on iPhone Duo in debug mode...
Running Xcode build...                                          
Xcode build done.                                            4.5s
Lost connection to device.
[IMPORTANT:flutter/shell/platform/darwin/graphics/FlutterDarwinContextMetalImpeller.mm(45)] Using the Impeller rendering backend (Metal).
Plugin FoldablePlugin uses deprecated application lifecycle events. Please contact plugin maintainers and request UIScene lifecycle support. This will be required in a future version of Flutter. See https://docs.flutter.dev/release/breaking-changes/uiscenedelegate#migration-guide-for-flutter-plugins
flutter: [DUO_PROBE] commandFile /Users/rcjuancarlosuwu/Library/Developer/CoreSimulator/Devices/AA16FBB4-F351-4AD9-BBF5-45562B10CFDD/data/Containers/Data/Application/45782BB7-EFA2-413F-899D-1C70C7ABEC31/tmp/duo_probe_command
flutter: [DUO_PROBE] App.initState at 2026-09-21T15:46:14.908474
flutter: [DUO_PROBE] snapshot {"condition":"","rootBuilds":1,"size":{"width":669.0,"height":951.0},"devicePixelRatio":3.0,"physicalPixels":{"width":2007.0,"height":2853.0},"padding":{"left":0.0,"top":82.0,"right":0.0,"bottom":34.0},"paddingAsymmetric":false,"viewInsets":{"left":0.0,"top":0.0,"right":0.0,"bottom":0.0},"viewPadding":{"left":0.0,"top":82.0,"right":0.0,"bottom":34.0},"displayFeatures":[],"orientation":"portrait","textScalerScaleOf14":14.0,"platformBrightness":"light","rootConstraints":{"minWidth":669.0,"maxWidth":669.0,"minHeight":951.0,"maxHeight":951.0},"lifecycle":{"state":"none","at":"-"},"portraitLocked":false}
Syncing files to device iPhone Duo...                           
flutter: [DUO_PROBE] StatePage.initState instance=1 at 2026-09-21T15:46:15.202703
Syncing files to device iPhone Duo...                              115ms

Flutter run key commands.
r Hot reload. 🔥🔥🔥
R Hot restart.
h List all available interactive commands.
d Detach (terminate "flutter run" but leave application running).
c Clear the screen
q Quit (terminate the application on the device).

A Dart VM Service on iPhone Duo is available at: http://127.0.0.1:55027/An60AcK5AAk=/
The Flutter DevTools debugger and profiler on iPhone Duo is available at: http://127.0.0.1:55027/An60AcK5AAk=/devtools/?uri=ws://127.0.0.1:55027/An60AcK5AAk=/ws
flutter: [DUO_PROBE] foldable connection=waiting isFoldable=null status=null angle=null regions=null
flutter: [DUO_PROBE] didChangeMetrics at 2026-09-21T15:46:15.628339
flutter: [DUO_PROBE] lifecycle=resumed at 2026-09-21T15:46:16.692161
flutter: [DUO_PROBE] snapshot {"condition":"","rootBuilds":2,"size":{"width":669.0,"height":951.0},"devicePixelRatio":3.0,"physicalPixels":{"width":2007.0,"height":2853.0},"padding":{"left":0.0,"top":82.0,"right":0.0,"bottom":34.0},"paddingAsymmetric":false,"viewInsets":{"left":0.0,"top":0.0,"right":0.0,"bottom":0.0},"viewPadding":{"left":0.0,"top":82.0,"right":0.0,"bottom":34.0},"displayFeatures":[],"orientation":"portrait","textScalerScaleOf14":14.0,"platformBrightness":"light","rootConstraints":{"minWidth":669.0,"maxWidth":669.0,"minHeight":951.0,"maxHeight":951.0},"lifecycle":{"state":"resumed","at":"2026-09-21T15:46:16.692161"},"portraitLocked":false}
flutter: [DUO_PROBE] foldable connection=active isFoldable=true status=fullyOpen angle=180.0 regions=2
flutter: [DUO_PROBE] didChangeMetrics at 2026-09-21T15:46:17.424955
-[WFIsolatedShortcutRunner init] Taking sandbox extensions for execution
-[WFIsolatedShortcutRunner init]_block_invoke Sandbox extensions acquired
Indexing for request: <WFToolKitIndexingRequest: 0x1044500c0>, changeset: .partial(updatedCount: 1 removedCount: 0 updated: ["com.example.duoProbe"], removed: [], provenance: [VoiceShortcutClient.ToolKitIndexingReason.Changeset.Provenance.launchServicesSnapshot(<LaunchServicesSnapshot uuid=20459EB1-247A-49B0-B4EB-857B47688135, v=780)> ["com.apple.feedback.remote", "com.apple.AMSUIAuthenticationViewService", "com.apple.generativepartnerservice.GenerativePartnerSettingsExtension", "com.apple.chrono.WidgetRenderer-WatchFaces", "com.apple.Passwords.PasswordSettingsAppIntentsExtension", "com.apple.MobileAddressBook.ContactsSettingsIntentsExtension", "com.apple.AXRemoteViewService", "com.apple.Home.MatterAccessoriesSettingsIntents", "com.apple.livetranscriptionui", "com.apple.VoiceOverTouch", "com.apple.chrono.WidgetRenderer-Default", "com.apple.FamilyExtensionHost", "com.apple.AmbientTester.AmbientSettingsAppIntentsExtension", "com.apple.SafetyCheckAppIntents", "com.apple.CTNotifyUIService", "com.apple.PeopleViewService", "com.apple<…>, priority: <decode: missing data>
Type indexing (params + content items) took 0.004246s
Action indexing took 0.001286s
Indexed: 0
Errored: 0
Skipped: [:]
Bundle cache: 0 hits, 0 misses
Finished in 0.468530s
-[WFIsolatedShortcutRunner unaliveProcess] Releasing sandbox extensions
Launching lib/main.dart on iPhone Duo in debug mode...
Running Xcode build...                                          
Xcode build done.                                            5.6s
[IMPORTANT:flutter/shell/platform/darwin/graphics/FlutterDarwinContextMetalImpeller.mm(45)] Using the Impeller rendering backend (Metal).
Plugin FoldablePlugin uses deprecated application lifecycle events. Please contact plugin maintainers and request UIScene lifecycle support. This will be required in a future version of Flutter. See https://docs.flutter.dev/release/breaking-changes/uiscenedelegate#migration-guide-for-flutter-plugins
Syncing files to device iPhone Duo...                           
flutter: [DUO_PROBE] commandFile /Users/rcjuancarlosuwu/Library/Developer/CoreSimulator/Devices/AA16FBB4-F351-4AD9-BBF5-45562B10CFDD/data/Containers/Data/Application/896B4006-22CE-47F9-873B-84B9F679F7D6/tmp/duo_probe_command
flutter: [DUO_PROBE] App.initState at 2026-09-21T15:46:57.837835
Syncing files to device iPhone Duo...                               95ms

Flutter run key commands.
r Hot reload. 🔥🔥🔥
R Hot restart.
h List all available interactive commands.
d Detach (terminate "flutter run" but leave application running).
c Clear the screen
q Quit (terminate the application on the device).

A Dart VM Service on iPhone Duo is available at: http://127.0.0.1:55133/WI-dzjlWngI=/
The Flutter DevTools debugger and profiler on iPhone Duo is available at: http://127.0.0.1:55133/WI-dzjlWngI=/devtools/?uri=ws://127.0.0.1:55133/WI-dzjlWngI=/ws
flutter: [DUO_PROBE] snapshot {"condition":"","rootBuilds":1,"size":{"width":669.0,"height":951.0},"devicePixelRatio":3.0,"physicalPixels":{"width":2007.0,"height":2853.0},"padding":{"left":0.0,"top":82.0,"right":0.0,"bottom":34.0},"paddingAsymmetric":false,"viewInsets":{"left":0.0,"top":0.0,"right":0.0,"bottom":0.0},"viewPadding":{"left":0.0,"top":82.0,"right":0.0,"bottom":34.0},"displayFeatures":[],"orientation":"portrait","textScalerScaleOf14":14.0,"platformBrightness":"light","rootConstraints":{"minWidth":669.0,"maxWidth":669.0,"minHeight":951.0,"maxHeight":951.0},"lifecycle":{"state":"none","at":"-"},"portraitLocked":false}
-[WFIsolatedShortcutRunner init] Taking sandbox extensions for execution
-[WFIsolatedShortcutRunner init]_block_invoke Sandbox extensions acquired
flutter: [DUO_PROBE] StatePage.initState instance=1 at 2026-09-21T15:46:58.070347
Indexing for request: <WFToolKitIndexingRequest: 0x1018500c0>, changeset: .partial(updatedCount: 1 removedCount: 0 updated: ["com.example.duoProbe"], removed: [], provenance: [VoiceShortcutClient.ToolKitIndexingReason.Changeset.Provenance.launchServicesSnapshot(<LaunchServicesSnapshot uuid=20459EB1-247A-49B0-B4EB-857B47688135, v=788)> ["com.apple.SystemPaperViewService", "com.apple.Posters.WeatherPosterApp", "com.apple.AccessibilityUIServer", "com.apple.CarPlayTemplateUIHost", "com.apple.ClipViewService", "com.apple.ScreenTimeWidgetApplication", "com.apple.BarcodeScanner", "com.apple.SharingUIService", "com.apple.CompanionSetup", "com.apple.AccessoryNotifications.SourceSelection", "com.apple.siri.SiriVideoAppIntents", "com.apple.CarPlayApp", "com.apple.Animoji.StickersApp", "com.apple.CarPlaySetupApp", "com.apple.FontServices.FontIntents", "com.apple.AppleCashStickerPackHost", "com.apple.commandandcontrol", "com.apple.SharingViewService", "com.apple.SafariViewService", "com.apple.SpotlightSettings.SpotlightSettingsIntentsExtens<…>, priority: <decode: missing data>
flutter: [DUO_PROBE] foldable connection=waiting isFoldable=null status=null angle=null regions=null
Type indexing (params + content items) took 0.001580s
Action indexing took 0.000628s
Indexed: 0
Errored: 0
Skipped: [:]
Bundle cache: 0 hits, 0 misses
flutter: [DUO_PROBE] didChangeMetrics at 2026-09-21T15:46:58.515943
Finished in 0.532810s
-[WFIsolatedShortcutRunner unaliveProcess] Releasing sandbox extensions
flutter: [DUO_PROBE] lifecycle=resumed at 2026-09-21T15:46:59.150376
flutter: [DUO_PROBE] snapshot {"condition":"","rootBuilds":2,"size":{"width":669.0,"height":951.0},"devicePixelRatio":3.0,"physicalPixels":{"width":2007.0,"height":2853.0},"padding":{"left":0.0,"top":82.0,"right":0.0,"bottom":34.0},"paddingAsymmetric":false,"viewInsets":{"left":0.0,"top":0.0,"right":0.0,"bottom":0.0},"viewPadding":{"left":0.0,"top":82.0,"right":0.0,"bottom":34.0},"displayFeatures":[],"orientation":"portrait","textScalerScaleOf14":14.0,"platformBrightness":"light","rootConstraints":{"minWidth":669.0,"maxWidth":669.0,"minHeight":951.0,"maxHeight":951.0},"lifecycle":{"state":"resumed","at":"2026-09-21T15:46:59.150376"},"portraitLocked":false}
flutter: [DUO_PROBE] foldable connection=active isFoldable=true status=fullyOpen angle=180.0 regions=2
flutter: [DUO_PROBE] didChangeMetrics at 2026-09-21T15:46:59.598361
flutter: [DUO_PROBE] command tab/2
flutter: [DUO_PROBE] didChangeMetrics at 2026-09-21T15:47:14.010991
flutter: [DUO_PROBE] command condition/17-inner-portrait-16-9
flutter: [DUO_PROBE] snapshot {"condition":"17-inner-portrait-16-9","rootBuilds":3,"size":{"width":669.0,"height":951.0},"devicePixelRatio":3.0,"physicalPixels":{"width":2007.0,"height":2853.0},"padding":{"left":0.0,"top":82.0,"right":0.0,"bottom":34.0},"paddingAsymmetric":false,"viewInsets":{"left":0.0,"top":0.0,"right":0.0,"bottom":0.0},"viewPadding":{"left":0.0,"top":82.0,"right":0.0,"bottom":34.0},"displayFeatures":[],"orientation":"portrait","textScalerScaleOf14":14.0,"platformBrightness":"light","rootConstraints":{"minWidth":669.0,"maxWidth":669.0,"minHeight":951.0,"maxHeight":951.0},"lifecycle":{"state":"resumed","at":"2026-09-21T15:46:59.150376"},"portraitLocked":false}
flutter: [DUO_PROBE] command tab/4

══╡ EXCEPTION CAUGHT BY RENDERING LIBRARY ╞═════════════════════════════════════════════════════════
The following assertion was thrown during layout:
A RenderFlex overflowed by 54 pixels on the right.

The relevant error-causing widget was:
  Row Row:file:///Users/rcjuancarlosuwu/Developer/somnio/duo-lab/duo_probe/lib/hinge_demo.dart:116:9

To inspect this widget in Flutter DevTools, visit:
http://127.0.0.1:55133/WI-dzjlWngI=/devtools//#/inspector?uri=http%3A%2F%2F127.0.0.1%3A55133%2FWI-dzjlWngI%3D%2F&inspectorRef=inspector-0

The overflowing RenderFlex has an orientation of Axis.horizontal.
The edge of the RenderFlex that is overflowing has been marked in the rendering with a yellow and
black striped pattern. This is usually caused by the contents being too big for the RenderFlex.
Consider applying a flex factor (e.g. using an Expanded widget) to force the children of the
RenderFlex to fit within the available space instead of being sized to their natural size.
This is considered an error condition because it indicates that there is content that cannot be
seen. If the content is legitimately bigger than the available space, consider clipping it with a
ClipRect widget before putting it in the flex, or using a scrollable container rather than a Flex,
like a ListView.
The specific RenderFlex in question is: RenderFlex#2b431 relayoutBoundary=up12 OVERFLOWING:
  creator: Row ← Column ← _AwareLayout ← Column ← Padding ← Column ← Padding ← DecoratedBox ← Padding
    ← Container ← Panel ← RepaintBoundary ← ⋯
  parentData: offset=Offset(0.0, 0.0); flex=null; fit=null (can use size)
  constraints: BoxConstraints(w=615.0, 0.0<=h<=Infinity)
  size: Size(615.0, 120.0)
  direction: horizontal
  mainAxisAlignment: start
  mainAxisSize: max
  crossAxisAlignment: center
  textDirection: ltr
  verticalDirection: down
  spacing: 0.0
◢◤◢◤◢◤◢◤◢◤◢◤◢◤◢◤◢◤◢◤◢◤◢◤◢◤◢◤◢◤◢◤◢◤◢◤◢◤◢◤◢◤◢◤◢◤◢◤◢◤◢◤◢◤◢◤◢◤◢◤◢◤◢◤◢◤◢◤◢◤◢◤◢◤◢◤◢◤◢◤◢◤◢◤◢◤◢◤◢◤◢◤◢◤◢◤◢◤◢◤
════════════════════════════════════════════════════════════════════════════════════════════════════

Another exception was thrown: A RenderFlex overflowed by 54 pixels on the right.
flutter: [DUO_PROBE] didChangeMetrics at 2026-09-21T15:47:21.578140
flutter: [DUO_PROBE] command condition/18-hinge-demo-portrait
flutter: [DUO_PROBE] snapshot {"condition":"18-hinge-demo-portrait","rootBuilds":4,"size":{"width":669.0,"height":951.0},"devicePixelRatio":3.0,"physicalPixels":{"width":2007.0,"height":2853.0},"padding":{"left":0.0,"top":82.0,"right":0.0,"bottom":34.0},"paddingAsymmetric":false,"viewInsets":{"left":0.0,"top":0.0,"right":0.0,"bottom":0.0},"viewPadding":{"left":0.0,"top":82.0,"right":0.0,"bottom":34.0},"displayFeatures":[],"orientation":"portrait","textScalerScaleOf14":14.0,"platformBrightness":"light","rootConstraints":{"minWidth":669.0,"maxWidth":669.0,"minHeight":951.0,"maxHeight":951.0},"lifecycle":{"state":"resumed","at":"2026-09-21T15:46:59.150376"},"portraitLocked":false}
Launching lib/main.dart on iPhone Duo in debug mode...
Running Xcode build...                                          
Xcode build done.                                            6.2s
[IMPORTANT:flutter/shell/platform/darwin/graphics/FlutterDarwinContextMetalImpeller.mm(45)] Using the Impeller rendering backend (Metal).
Plugin FoldablePlugin uses deprecated application lifecycle events. Please contact plugin maintainers and request UIScene lifecycle support. This will be required in a future version of Flutter. See https://docs.flutter.dev/release/breaking-changes/uiscenedelegate#migration-guide-for-flutter-plugins
Syncing files to device iPhone Duo...                           
flutter: [DUO_PROBE] commandFile /Users/rcjuancarlosuwu/Library/Developer/CoreSimulator/Devices/AA16FBB4-F351-4AD9-BBF5-45562B10CFDD/data/Containers/Data/Application/468F4848-6D47-4B73-BE72-F99CDA9E0D27/tmp/duo_probe_command
flutter: [DUO_PROBE] App.initState at 2026-09-21T15:48:52.623696
-[WFIsolatedShortcutRunner init] Taking sandbox extensions for execution
-[WFIsolatedShortcutRunner init]_block_invoke Sandbox extensions acquired
Syncing files to device iPhone Duo...                               91ms

Flutter run key commands.
r Hot reload. 🔥🔥🔥
R Hot restart.
h List all available interactive commands.
d Detach (terminate "flutter run" but leave application running).
c Clear the screen
q Quit (terminate the application on the device).

A Dart VM Service on iPhone Duo is available at: http://127.0.0.1:55378/u4ZfT-IwmXI=/
The Flutter DevTools debugger and profiler on iPhone Duo is available at: http://127.0.0.1:55378/u4ZfT-IwmXI=/devtools/?uri=ws://127.0.0.1:55378/u4ZfT-IwmXI=/ws
flutter: [DUO_PROBE] snapshot {"condition":"","rootBuilds":1,"size":{"width":669.0,"height":951.0},"devicePixelRatio":3.0,"physicalPixels":{"width":2007.0,"height":2853.0},"padding":{"left":0.0,"top":82.0,"right":0.0,"bottom":34.0},"paddingAsymmetric":false,"viewInsets":{"left":0.0,"top":0.0,"right":0.0,"bottom":0.0},"viewPadding":{"left":0.0,"top":82.0,"right":0.0,"bottom":34.0},"displayFeatures":[],"orientation":"portrait","textScalerScaleOf14":14.0,"platformBrightness":"light","rootConstraints":{"minWidth":669.0,"maxWidth":669.0,"minHeight":951.0,"maxHeight":951.0},"lifecycle":{"state":"none","at":"-"},"portraitLocked":false}
Indexing for request: <WFToolKitIndexingRequest: 0x1040500c0>, changeset: .partial(updatedCount: 1 removedCount: 0 updated: ["com.example.duoProbe"], removed: [], provenance: [VoiceShortcutClient.ToolKitIndexingReason.Changeset.Provenance.launchServicesSnapshot(<LaunchServicesSnapshot uuid=20459EB1-247A-49B0-B4EB-857B47688135, v=796)> ["com.apple.ServicesPaymentAngel", "com.apple.DocumentManager.DockFolderViewService", "com.apple.ControlCenter.ControlCenterControlsExtension", "com.apple.DocumentsApp.DocumentAppShortcuts", "com.apple.CoreServicesUIAgent", "com.apple.EventViewService", "com.apple.ContactsUI.Carousel", "com.apple.MusicKit.UI", "com.apple.BarcodeScanner", "com.apple.SensitiveContentAnalysis.SensitiveContentAnalysisConfigurationExtension", "com.apple.TransparencySettingsIntents", "com.apple.FontInstallViewService", "com.apple.mobiletimer.AlarmIntentsExtension", "com.apple.BacklinkIndicator", "com.apple.CTNotifyUIService", "com.apple.LocalAuthenticationUIService", "com.apple.ProximityReaderUIService", "com.apple.Maps<…>, priority: <decode: missing data>
flutter: [DUO_PROBE] StatePage.initState instance=1 at 2026-09-21T15:48:52.891624
flutter: [DUO_PROBE] foldable connection=waiting isFoldable=null status=null angle=null regions=null
Type indexing (params + content items) took 0.001996s
Action indexing took 0.000565s
Indexed: 0
Errored: 0
Skipped: [:]
Bundle cache: 0 hits, 0 misses
Finished in 0.509231s
flutter: [DUO_PROBE] didChangeMetrics at 2026-09-21T15:48:53.268030
-[WFIsolatedShortcutRunner unaliveProcess] Releasing sandbox extensions
flutter: [DUO_PROBE] lifecycle=resumed at 2026-09-21T15:48:53.859190
flutter: [DUO_PROBE] snapshot {"condition":"","rootBuilds":2,"size":{"width":669.0,"height":951.0},"devicePixelRatio":3.0,"physicalPixels":{"width":2007.0,"height":2853.0},"padding":{"left":0.0,"top":82.0,"right":0.0,"bottom":34.0},"paddingAsymmetric":false,"viewInsets":{"left":0.0,"top":0.0,"right":0.0,"bottom":0.0},"viewPadding":{"left":0.0,"top":82.0,"right":0.0,"bottom":34.0},"displayFeatures":[],"orientation":"portrait","textScalerScaleOf14":14.0,"platformBrightness":"light","rootConstraints":{"minWidth":669.0,"maxWidth":669.0,"minHeight":951.0,"maxHeight":951.0},"lifecycle":{"state":"resumed","at":"2026-09-21T15:48:53.859190"},"portraitLocked":false}
flutter: [DUO_PROBE] foldable connection=active isFoldable=true status=fullyOpen angle=180.0 regions=2
flutter: [DUO_PROBE] didChangeMetrics at 2026-09-21T15:48:54.361688
flutter: [DUO_PROBE] command tab/4
flutter: [DUO_PROBE] didChangeMetrics at 2026-09-21T15:49:07.869968
flutter: [DUO_PROBE] command condition/18-hinge-demo-portrait
flutter: [DUO_PROBE] snapshot {"condition":"18-hinge-demo-portrait","rootBuilds":3,"size":{"width":669.0,"height":951.0},"devicePixelRatio":3.0,"physicalPixels":{"width":2007.0,"height":2853.0},"padding":{"left":0.0,"top":82.0,"right":0.0,"bottom":34.0},"paddingAsymmetric":false,"viewInsets":{"left":0.0,"top":0.0,"right":0.0,"bottom":0.0},"viewPadding":{"left":0.0,"top":82.0,"right":0.0,"bottom":34.0},"displayFeatures":[],"orientation":"portrait","textScalerScaleOf14":14.0,"platformBrightness":"light","rootConstraints":{"minWidth":669.0,"maxWidth":669.0,"minHeight":951.0,"maxHeight":951.0},"lifecycle":{"state":"resumed","at":"2026-09-21T15:48:53.859190"},"portraitLocked":false}
flutter: [DUO_PROBE] command dialog
flutter: [DUO_PROBE] dialogContent maxWidth=541.0 screenWidth=669.0 ratio=0.809
flutter: [DUO_PROBE] didChangeMetrics at 2026-09-21T15:49:39.467134
flutter: [DUO_PROBE] command measure
flutter: [DUO_PROBE] measured Material 615.0 x 40.0 screenWidth=669.0 ratio=0.919
flutter: [DUO_PROBE] measured Material 615.0 x 40.0 screenWidth=669.0 ratio=0.919
flutter: [DUO_PROBE] measured Material 615.0 x 40.0 screenWidth=669.0 ratio=0.919
flutter: [DUO_PROBE] measured Material 615.0 x 40.0 screenWidth=669.0 ratio=0.919
flutter: [DUO_PROBE] measured Material 615.0 x 40.0 screenWidth=669.0 ratio=0.919
flutter: [DUO_PROBE] measured Material 56.0 x 56.0 screenWidth=669.0 ratio=0.084
flutter: [DUO_PROBE] measured Material 589.0 x 288.0 screenWidth=669.0 ratio=0.880
flutter: [DUO_PROBE] measured Material 64.0 x 40.0 screenWidth=669.0 ratio=0.096
flutter: [DUO_PROBE] command condition/19-dialog-portrait
flutter: [DUO_PROBE] snapshot {"condition":"19-dialog-portrait","rootBuilds":4,"size":{"width":669.0,"height":951.0},"devicePixelRatio":3.0,"physicalPixels":{"width":2007.0,"height":2853.0},"padding":{"left":0.0,"top":82.0,"right":0.0,"bottom":34.0},"paddingAsymmetric":false,"viewInsets":{"left":0.0,"top":0.0,"right":0.0,"bottom":0.0},"viewPadding":{"left":0.0,"top":82.0,"right":0.0,"bottom":34.0},"displayFeatures":[],"orientation":"portrait","textScalerScaleOf14":14.0,"platformBrightness":"light","rootConstraints":{"minWidth":669.0,"maxWidth":669.0,"minHeight":951.0,"maxHeight":951.0},"lifecycle":{"state":"resumed","at":"2026-09-21T15:48:53.859190"},"portraitLocked":false}
flutter: [DUO_PROBE] command dismiss
flutter: [DUO_PROBE] didChangeMetrics at 2026-09-21T15:49:53.247381
flutter: [DUO_PROBE] command datepicker
flutter: [DUO_PROBE] didChangeMetrics at 2026-09-21T15:49:56.333231
flutter: [DUO_PROBE] didChangeMetrics at 2026-09-21T15:49:56.361439
flutter: [DUO_PROBE] command measure
flutter: [DUO_PROBE] measured Material 615.0 x 40.0 screenWidth=669.0 ratio=0.919
flutter: [DUO_PROBE] measured Material 615.0 x 40.0 screenWidth=669.0 ratio=0.919
flutter: [DUO_PROBE] measured Material 615.0 x 40.0 screenWidth=669.0 ratio=0.919
flutter: [DUO_PROBE] measured Material 615.0 x 40.0 screenWidth=669.0 ratio=0.919
flutter: [DUO_PROBE] measured Material 615.0 x 40.0 screenWidth=669.0 ratio=0.919
flutter: [DUO_PROBE] measured Material 56.0 x 56.0 screenWidth=669.0 ratio=0.084
flutter: [DUO_PROBE] measured Material 360.0 x 568.0 screenWidth=669.0 ratio=0.538
flutter: [DUO_PROBE] measured Material 360.0 x 120.0 screenWidth=669.0 ratio=0.538
flutter: [DUO_PROBE] measured Material 40.0 x 40.0 screenWidth=669.0 ratio=0.060
flutter: [DUO_PROBE] measured Material 40.0 x 40.0 screenWidth=669.0 ratio=0.060
flutter: [DUO_PROBE] measured Material 40.0 x 40.0 screenWidth=669.0 ratio=0.060
flutter: [DUO_PROBE] measured Material 360.0 x 336.0 screenWidth=669.0 ratio=0.538
flutter: [DUO_PROBE] measured Material 70.8509292602539 x 40.0 screenWidth=669.0 ratio=0.106
flutter: [DUO_PROBE] measured Material 64.0 x 40.0 screenWidth=669.0 ratio=0.096
flutter: [DUO_PROBE] command condition/19-datepicker-portrait
flutter: [DUO_PROBE] snapshot {"condition":"19-datepicker-portrait","rootBuilds":5,"size":{"width":669.0,"height":951.0},"devicePixelRatio":3.0,"physicalPixels":{"width":2007.0,"height":2853.0},"padding":{"left":0.0,"top":82.0,"right":0.0,"bottom":34.0},"paddingAsymmetric":false,"viewInsets":{"left":0.0,"top":0.0,"right":0.0,"bottom":0.0},"viewPadding":{"left":0.0,"top":82.0,"right":0.0,"bottom":34.0},"displayFeatures":[],"orientation":"portrait","textScalerScaleOf14":14.0,"platformBrightness":"light","rootConstraints":{"minWidth":669.0,"maxWidth":669.0,"minHeight":951.0,"maxHeight":951.0},"lifecycle":{"state":"resumed","at":"2026-09-21T15:48:53.859190"},"portraitLocked":false}
flutter: [DUO_PROBE] command dismiss
flutter: [DUO_PROBE] datePicker result=null
flutter: [DUO_PROBE] didChangeMetrics at 2026-09-21T15:50:09.628397
flutter: [DUO_PROBE] didChangeMetrics at 2026-09-21T15:50:09.645711
flutter: [DUO_PROBE] command sheet
flutter: [DUO_PROBE] bottomSheet maxWidth=640.0 screenWidth=669.0 ratio=0.957
flutter: [DUO_PROBE] didChangeMetrics at 2026-09-21T15:50:12.671414
flutter: [DUO_PROBE] command measure
flutter: [DUO_PROBE] measured Material 615.0 x 40.0 screenWidth=669.0 ratio=0.919
flutter: [DUO_PROBE] measured Material 615.0 x 40.0 screenWidth=669.0 ratio=0.919
flutter: [DUO_PROBE] measured Material 615.0 x 40.0 screenWidth=669.0 ratio=0.919
flutter: [DUO_PROBE] measured Material 615.0 x 40.0 screenWidth=669.0 ratio=0.919
flutter: [DUO_PROBE] measured Material 615.0 x 40.0 screenWidth=669.0 ratio=0.919
flutter: [DUO_PROBE] measured Material 56.0 x 56.0 screenWidth=669.0 ratio=0.084
flutter: [DUO_PROBE] measured Material 640.0 x 240.0 screenWidth=669.0 ratio=0.957
flutter: [DUO_PROBE] command condition/19-sheet-portrait
flutter: [DUO_PROBE] snapshot {"condition":"19-sheet-portrait","rootBuilds":6,"size":{"width":669.0,"height":951.0},"devicePixelRatio":3.0,"physicalPixels":{"width":2007.0,"height":2853.0},"padding":{"left":0.0,"top":82.0,"right":0.0,"bottom":34.0},"paddingAsymmetric":false,"viewInsets":{"left":0.0,"top":0.0,"right":0.0,"bottom":0.0},"viewPadding":{"left":0.0,"top":82.0,"right":0.0,"bottom":34.0},"displayFeatures":[],"orientation":"portrait","textScalerScaleOf14":14.0,"platformBrightness":"light","rootConstraints":{"minWidth":669.0,"maxWidth":669.0,"minHeight":951.0,"maxHeight":951.0},"lifecycle":{"state":"resumed","at":"2026-09-21T15:48:53.859190"},"portraitLocked":false}
flutter: [DUO_PROBE] command dismiss
flutter: [DUO_PROBE] didChangeMetrics at 2026-09-21T15:50:26.895349
-[WFIsolatedShortcutRunner init] Taking sandbox extensions for execution
-[WFIsolatedShortcutRunner init]_block_invoke Sandbox extensions acquired
Indexing for request: <WFToolKitIndexingRequest: 0x103c500c0>, changeset: .none, priority: 31
Finished in 0.062854s
-[WFIsolatedShortcutRunner unaliveProcess] Releasing sandbox extensions
Lost connection to device.
Launching lib/main.dart on iPhone Duo in debug mode...
Running Xcode build...                                          
Xcode build done.                                           11.1s
[IMPORTANT:flutter/shell/platform/darwin/graphics/FlutterDarwinContextMetalImpeller.mm(45)] Using the Impeller rendering backend (Metal).
Plugin FoldablePlugin uses deprecated application lifecycle events. Please contact plugin maintainers and request UIScene lifecycle support. This will be required in a future version of Flutter. See https://docs.flutter.dev/release/breaking-changes/uiscenedelegate#migration-guide-for-flutter-plugins
flutter: [DUO_PROBE] commandFile /Users/rcjuancarlosuwu/Library/Developer/CoreSimulator/Devices/AA16FBB4-F351-4AD9-BBF5-45562B10CFDD/data/Containers/Data/Application/41F16B21-CB48-4044-81E2-E59EB20EB926/tmp/duo_probe_command
flutter: [DUO_PROBE] App.initState at 2026-09-28T07:12:06.904357
flutter: [DUO_PROBE] snapshot {"condition":"","rootBuilds":1,"size":{"width":466.0,"height":678.0},"devicePixelRatio":3.0,"physicalPixels":{"width":1398.0,"height":2034.0},"padding":{"left":0.0,"top":0.0,"right":84.0,"bottom":34.0},"paddingAsymmetric":true,"viewInsets":{"left":0.0,"top":0.0,"right":0.0,"bottom":0.0},"viewPadding":{"left":0.0,"top":0.0,"right":84.0,"bottom":34.0},"displayFeatures":[],"orientation":"portrait","textScalerScaleOf14":14.0,"platformBrightness":"light","rootConstraints":{"minWidth":466.0,"maxWidth":466.0,"minHeight":678.0,"maxHeight":678.0},"lifecycle":{"state":"none","at":"-"},"portraitLocked":false}
flutter: [DUO_PROBE] StatePage.initState instance=1 at 2026-09-28T07:12:07.171534
flutter: [DUO_PROBE] foldable connection=waiting isFoldable=null status=null angle=null regions=null
Another exception was thrown: RenderBox was not laid out: _RenderInkFeatures#e7ba6 relayoutBoundary=up17 NEEDS-PAINT NEEDS-COMPOSITING-BITS-UPDATE
Another exception was thrown: RenderBox was not laid out: RenderPhysicalModel#3e2f6 relayoutBoundary=up16 NEEDS-PAINT NEEDS-COMPOSITING-BITS-UPDATE
Another exception was thrown: RenderBox was not laid out: RenderAnnotatedRegion<SystemUiOverlayStyle>#1543f relayoutBoundary=up15 NEEDS-PAINT NEEDS-COMPOSITING-BITS-UPDATE
Another exception was thrown: RenderBox was not laid out: RenderSemanticsAnnotations#c60f1 relayoutBoundary=up14 NEEDS-PAINT NEEDS-COMPOSITING-BITS-UPDATE
Another exception was thrown: RenderBox was not laid out: RenderPadding#9bb5c relayoutBoundary=up13 NEEDS-PAINT NEEDS-COMPOSITING-BITS-UPDATE
Another exception was thrown: RenderBox was not laid out: RenderDecoratedBox#5f27c relayoutBoundary=up12 NEEDS-PAINT NEEDS-COMPOSITING-BITS-UPDATE
Another exception was thrown: RenderBox was not laid out: RenderFlex#a84c6 relayoutBoundary=up11 NEEDS-PAINT NEEDS-COMPOSITING-BITS-UPDATE
Another exception was thrown: RenderBox was not laid out: RenderPadding#79d64 relayoutBoundary=up10 NEEDS-PAINT NEEDS-COMPOSITING-BITS-UPDATE
Syncing files to device iPhone Duo...                           
Another exception was thrown: RenderBox was not laid out: RenderFlex#72435 relayoutBoundary=up9 NEEDS-PAINT NEEDS-COMPOSITING-BITS-UPDATE
Another exception was thrown: RenderBox was not laid out: RenderPadding#593be relayoutBoundary=up8 NEEDS-PAINT NEEDS-COMPOSITING-BITS-UPDATE
Another exception was thrown: RenderBox was not laid out: RenderDecoratedBox#734ec relayoutBoundary=up7 NEEDS-PAINT NEEDS-COMPOSITING-BITS-UPDATE
Another exception was thrown: RenderBox was not laid out: RenderPadding#5a183 relayoutBoundary=up6 NEEDS-PAINT NEEDS-COMPOSITING-BITS-UPDATE
Another exception was thrown: RenderBox was not laid out: _RenderLayoutBuilder#47640 relayoutBoundary=up5 NEEDS-PAINT NEEDS-COMPOSITING-BITS-UPDATE
Another exception was thrown: RenderBox was not laid out: RenderRepaintBoundary#b4dbd relayoutBoundary=up4 NEEDS-PAINT NEEDS-COMPOSITING-BITS-UPDATE
Another exception was thrown: 'package:flutter/src/rendering/sliver_multi_box_adaptor.dart': Failed assertion: line 629 pos 12: 'child.hasSize': is not true.
Another exception was thrown: Null check operator used on a null value
Another exception was thrown: Null check operator used on a null value
Syncing files to device iPhone Duo...                               73ms

Flutter run key commands.
r Hot reload. 🔥🔥🔥
R Hot restart.
h List all available interactive commands.
d Detach (terminate "flutter run" but leave application running).
c Clear the screen
q Quit (terminate the application on the device).

A Dart VM Service on iPhone Duo is available at: http://127.0.0.1:60503/pl-OCbDYm-I=/
The Flutter DevTools debugger and profiler on iPhone Duo is available at: http://127.0.0.1:60503/pl-OCbDYm-I=/devtools/?uri=ws://127.0.0.1:60503/pl-OCbDYm-I=/ws
flutter: [DUO_PROBE] didChangeMetrics at 2026-09-28T07:12:07.936669
flutter: [DUO_PROBE] lifecycle=resumed at 2026-09-28T07:12:08.261256
flutter: [DUO_PROBE] snapshot {"condition":"","rootBuilds":2,"size":{"width":466.0,"height":678.0},"devicePixelRatio":3.0,"physicalPixels":{"width":1398.0,"height":2034.0},"padding":{"left":0.0,"top":0.0,"right":84.0,"bottom":34.0},"paddingAsymmetric":true,"viewInsets":{"left":0.0,"top":0.0,"right":0.0,"bottom":0.0},"viewPadding":{"left":0.0,"top":0.0,"right":84.0,"bottom":34.0},"displayFeatures":[],"orientation":"portrait","textScalerScaleOf14":14.0,"platformBrightness":"light","rootConstraints":{"minWidth":466.0,"maxWidth":466.0,"minHeight":678.0,"maxHeight":678.0},"lifecycle":{"state":"resumed","at":"2026-09-28T07:12:08.261256"},"portraitLocked":false}
flutter: [DUO_PROBE] foldable connection=active isFoldable=true status=closed angle=0.0 regions=2
flutter: [DUO_PROBE] didChangeMetrics at 2026-09-28T07:12:08.799021
-[WFIsolatedShortcutRunner init] Taking sandbox extensions for execution
-[WFIsolatedShortcutRunner init]_block_invoke Sandbox extensions acquired
Indexing for request: <WFToolKitIndexingRequest: 0x105c4c0c0>, changeset: .partial(updatedCount: 1 removedCount: 0 updated: ["com.example.duoProbe"], removed: [], provenance: [VoiceShortcutClient.ToolKitIndexingReason.Changeset.Provenance.launchServicesSnapshot(<LaunchServicesSnapshot uuid=6C9EF79B-ED3A-438C-B661-FB3201677F55, v=664)> ["com.apple.springboard", "com.apple.chrono.WidgetRenderer-Default", "com.apple.ScreenTimeUnlock", "com.apple.Home.HomeWidgetIntentsExtension", "com.apple.Maps.MapsIntents", "com.apple.AppSSOUIService", "com.apple.Home.MatterAccessoriesSettingsIntents", "com.apple.mobiletimer.TimerIntentsExtension", "com.apple.chrono.WidgetRenderer-CarPlay", "com.apple.SleepLockScreen", "com.apple.PhotosUIPrivate.PhotosClockPoster", "com.apple.UIKit.ColorPickerUIService", "com.apple.CarPlayApp", "com.apple.gms.GenerativePartnerPrototypeExtension", "com.apple.AskToUIHost", "com.apple.donotdisturb.DoNotDisturbAppIntents", "com.apple.SpringBoardEducation", "com.apple.AmbientTester.AmbientSettingsAppIntentsExtension",<…>, priority: <decode: missing data>
Type indexing (params + content items) took 0.001631s
Action indexing took 0.000889s
Indexed: 0
Errored: 0
Skipped: [:]
Bundle cache: 0 hits, 0 misses
Finished in 0.372842s
-[WFIsolatedShortcutRunner unaliveProcess] Releasing sandbox extensions
flutter: [DUO_PROBE] command tab/5
Another exception was thrown: Null check operator used on a null value
Another exception was thrown: Null check operator used on a null value
Another exception was thrown: RenderBox was not laid out: RenderPadding#5a183 relayoutBoundary=up6 NEEDS-PAINT
Another exception was thrown: RenderBox was not laid out: _RenderLayoutBuilder#47640 relayoutBoundary=up5 NEEDS-PAINT
Another exception was thrown: RenderBox was not laid out: RenderRepaintBoundary#b4dbd relayoutBoundary=up4 NEEDS-PAINT
Another exception was thrown: 'package:flutter/src/rendering/sliver_multi_box_adaptor.dart': Failed assertion: line 629 pos 12: 'child.hasSize': is not true.
Another exception was thrown: Null check operator used on a null value
Another exception was thrown: Null check operator used on a null value
Another exception was thrown: Null check operator used on a null value
Another exception was thrown: 'package:flutter/src/rendering/object.dart': Failed assertion: line 5724 pos 14: '!semantics.parentDataDirty': is not true.
Another exception was thrown: 'package:flutter/src/rendering/object.dart': Failed assertion: line 5724 pos 14: '!semantics.parentDataDirty': is not true.
Another exception was thrown: 'package:flutter/src/rendering/object.dart': Failed assertion: line 5724 pos 14: '!semantics.parentDataDirty': is not true.
Another exception was thrown: 'package:flutter/src/rendering/object.dart': Failed assertion: line 5724 pos 14: '!semantics.parentDataDirty': is not true.
Another exception was thrown: 'package:flutter/src/rendering/object.dart': Failed assertion: line 5724 pos 14: '!semantics.parentDataDirty': is not true.
Another exception was thrown: 'package:flutter/src/rendering/object.dart': Failed assertion: line 5724 pos 14: '!semantics.parentDataDirty': is not true.
Another exception was thrown: 'package:flutter/src/rendering/object.dart': Failed assertion: line 5724 pos 14: '!semantics.parentDataDirty': is not true.
Another exception was thrown: 'package:flutter/src/rendering/object.dart': Failed assertion: line 5724 pos 14: '!semantics.parentDataDirty': is not true.
Another exception was thrown: 'package:flutter/src/rendering/object.dart': Failed assertion: line 5724 pos 14: '!semantics.parentDataDirty': is not true.
Another exception was thrown: 'package:flutter/src/rendering/object.dart': Failed assertion: line 5724 pos 14: '!semantics.parentDataDirty': is not true.
Another exception was thrown: 'package:flutter/src/rendering/object.dart': Failed assertion: line 5724 pos 14: '!semantics.parentDataDirty': is not true.
Another exception was thrown: 'package:flutter/src/rendering/object.dart': Failed assertion: line 5724 pos 14: '!semantics.parentDataDirty': is not true.
flutter: [DUO_PROBE] command condition/20-nav-bars
flutter: [DUO_PROBE] snapshot {"condition":"20-nav-bars","rootBuilds":3,"size":{"width":466.0,"height":678.0},"devicePixelRatio":3.0,"physicalPixels":{"width":1398.0,"height":2034.0},"padding":{"left":0.0,"top":0.0,"right":84.0,"bottom":34.0},"paddingAsymmetric":true,"viewInsets":{"left":0.0,"top":0.0,"right":0.0,"bottom":0.0},"viewPadding":{"left":0.0,"top":0.0,"right":84.0,"bottom":34.0},"displayFeatures":[],"orientation":"portrait","textScalerScaleOf14":14.0,"platformBrightness":"light","rootConstraints":{"minWidth":466.0,"maxWidth":466.0,"minHeight":678.0,"maxHeight":678.0},"lifecycle":{"state":"resumed","at":"2026-09-28T07:12:08.261256"},"portraitLocked":false}
Another exception was thrown: 'package:flutter/src/rendering/object.dart': Failed assertion: line 5724 pos 14: '!semantics.parentDataDirty': is not true.
Another exception was thrown: 'package:flutter/src/rendering/object.dart': Failed assertion: line 5724 pos 14: '!semantics.parentDataDirty': is not true.
Another exception was thrown: 'package:flutter/src/rendering/object.dart': Failed assertion: line 5724 pos 14: '!semantics.parentDataDirty': is not true.
Another exception was thrown: 'package:flutter/src/rendering/object.dart': Failed assertion: line 5724 pos 14: '!semantics.parentDataDirty': is not true.
Another exception was thrown: 'package:flutter/src/rendering/object.dart': Failed assertion: line 5724 pos 14: '!semantics.parentDataDirty': is not true.
Another exception was thrown: 'package:flutter/src/rendering/object.dart': Failed assertion: line 5724 pos 14: '!semantics.parentDataDirty': is not true.
Another exception was thrown: 'package:flutter/src/rendering/object.dart': Failed assertion: line 5724 pos 14: '!semantics.parentDataDirty': is not true.
Another exception was thrown: 'package:flutter/src/rendering/object.dart': Failed assertion: line 5724 pos 14: '!semantics.parentDataDirty': is not true.
Another exception was thrown: 'package:flutter/src/rendering/object.dart': Failed assertion: line 5724 pos 14: '!semantics.parentDataDirty': is not true.
Another exception was thrown: 'package:flutter/src/rendering/object.dart': Failed assertion: line 5724 pos 14: '!semantics.parentDataDirty': is not true.
Launching lib/main.dart on iPhone Duo in debug mode...
Running Xcode build...                                          
Xcode build done.                                           14.1s
[IMPORTANT:flutter/shell/platform/darwin/graphics/FlutterDarwinContextMetalImpeller.mm(45)] Using the Impeller rendering backend (Metal).
Plugin FoldablePlugin uses deprecated application lifecycle events. Please contact plugin maintainers and request UIScene lifecycle support. This will be required in a future version of Flutter. See https://docs.flutter.dev/release/breaking-changes/uiscenedelegate#migration-guide-for-flutter-plugins
Syncing files to device iPhone Duo...                           
flutter: [DUO_PROBE] commandFile /Users/rcjuancarlosuwu/Library/Developer/CoreSimulator/Devices/AA16FBB4-F351-4AD9-BBF5-45562B10CFDD/data/Containers/Data/Application/81B334E4-F0EA-418A-A6D4-F497D48B6370/tmp/duo_probe_command
flutter: [DUO_PROBE] App.initState at 2026-09-28T07:15:13.081199
Syncing files to device iPhone Duo...                               36ms

Flutter run key commands.
r Hot reload. 🔥🔥🔥
R Hot restart.
h List all available interactive commands.
d Detach (terminate "flutter run" but leave application running).
c Clear the screen
q Quit (terminate the application on the device).

A Dart VM Service on iPhone Duo is available at: http://127.0.0.1:60741/bEOCZ4fZFZ0=/
The Flutter DevTools debugger and profiler on iPhone Duo is available at: http://127.0.0.1:60741/bEOCZ4fZFZ0=/devtools/?uri=ws://127.0.0.1:60741/bEOCZ4fZFZ0=/ws
flutter: [DUO_PROBE] snapshot {"condition":"","rootBuilds":1,"size":{"width":466.0,"height":678.0},"devicePixelRatio":3.0,"physicalPixels":{"width":1398.0,"height":2034.0},"padding":{"left":0.0,"top":0.0,"right":84.0,"bottom":34.0},"paddingAsymmetric":true,"viewInsets":{"left":0.0,"top":0.0,"right":0.0,"bottom":0.0},"viewPadding":{"left":0.0,"top":0.0,"right":84.0,"bottom":34.0},"displayFeatures":[],"orientation":"portrait","textScalerScaleOf14":14.0,"platformBrightness":"light","rootConstraints":{"minWidth":466.0,"maxWidth":466.0,"minHeight":678.0,"maxHeight":678.0},"lifecycle":{"state":"none","at":"-"},"portraitLocked":false}
flutter: [DUO_PROBE] StatePage.initState instance=1 at 2026-09-28T07:15:13.297807
flutter: [DUO_PROBE] foldable connection=waiting isFoldable=null status=null angle=null regions=null
flutter: [DUO_PROBE] navbar "TabBar (in AppBar)" rendered 412.0 x 50.0 slot=442.0 screenWidth=466.0 fillsSlot=false
flutter: [DUO_PROBE] navbar "TabBar (bare)" rendered 412.0 x 50.0 slot=442.0 screenWidth=466.0 fillsSlot=false
flutter: [DUO_PROBE] navbar "NavigationBar (Material 3)" rendered 412.0 x 82.0 slot=442.0 screenWidth=466.0 fillsSlot=false
flutter: [DUO_PROBE] navbar "BottomNavigationBar (fixed)" rendered 412.0 x 60.0 slot=442.0 screenWidth=466.0 fillsSlot=false
flutter: [DUO_PROBE] didChangeMetrics at 2026-09-28T07:15:13.661679
flutter: [DUO_PROBE] lifecycle=resumed at 2026-09-28T07:15:14.065814
flutter: [DUO_PROBE] snapshot {"condition":"","rootBuilds":2,"size":{"width":466.0,"height":678.0},"devicePixelRatio":3.0,"physicalPixels":{"width":1398.0,"height":2034.0},"padding":{"left":0.0,"top":0.0,"right":84.0,"bottom":34.0},"paddingAsymmetric":true,"viewInsets":{"left":0.0,"top":0.0,"right":0.0,"bottom":0.0},"viewPadding":{"left":0.0,"top":0.0,"right":84.0,"bottom":34.0},"displayFeatures":[],"orientation":"portrait","textScalerScaleOf14":14.0,"platformBrightness":"light","rootConstraints":{"minWidth":466.0,"maxWidth":466.0,"minHeight":678.0,"maxHeight":678.0},"lifecycle":{"state":"resumed","at":"2026-09-28T07:15:14.065814"},"portraitLocked":false}
flutter: [DUO_PROBE] foldable connection=active isFoldable=false status=unknown angle=null regions=0
flutter: [DUO_PROBE] foldable connection=active isFoldable=true status=closed angle=0.0 regions=2
-[WFIsolatedShortcutRunner init] Taking sandbox extensions for execution
-[WFIsolatedShortcutRunner init]_block_invoke Sandbox extensions acquired
flutter: [DUO_PROBE] didChangeMetrics at 2026-09-28T07:15:14.452397
Indexing for request: <WFToolKitIndexingRequest: 0x103c4c0c0>, changeset: .partial(updatedCount: 1 removedCount: 0 updated: ["com.example.duoProbe"], removed: [], provenance: [VoiceShortcutClient.ToolKitIndexingReason.Changeset.Provenance.launchServicesSnapshot(<LaunchServicesSnapshot uuid=6C9EF79B-ED3A-438C-B661-FB3201677F55, v=672)> ["com.apple.avkit.AVKitRoutingService", "com.apple.siri.SiriGeo.SiriGeoAppIntentExtension", "com.apple.ClassKit.ClassKitAppIntents", "com.apple.Health.Sleep", "com.apple.intelligenceplatform.IntelligencePlatform.IntelligencePlatformDataActionsAppIntentsExtension", "com.apple.FCAuthenticationUI", "com.apple.chrono.WidgetRenderer-Snapshots", "com.apple.Batteries", "com.apple.icloud.FMF.FindMySettingsAppIntentsExtension", "com.apple.PhotosAppIntentsExtension", "com.apple.mobilemail.MailSettingsIntentsExtension", "com.apple.AirDropSettingsIntents", "com.apple.ScreenTimeAppIntentsExtension", "com.apple.BrowserKitViewService", "com.apple.ProximityReaderSceneUI", "com.apple.Passwords.PasswordManagerAppIn<…>, priority: <decode: missing data>
Type indexing (params + content items) took 0.002096s
Action indexing took 0.001152s
Indexed: 0
Errored: 0
Skipped: [:]
Bundle cache: 0 hits, 0 misses
Finished in 0.326787s
-[WFIsolatedShortcutRunner unaliveProcess] Releasing sandbox extensions
flutter: [DUO_PROBE] command tab/5
flutter: [DUO_PROBE] didChangeMetrics at 2026-09-28T07:17:41.936645
flutter: [DUO_PROBE] command condition/20-nav-bars-outer
flutter: [DUO_PROBE] snapshot {"condition":"20-nav-bars-outer","rootBuilds":3,"size":{"width":466.0,"height":678.0},"devicePixelRatio":3.0,"physicalPixels":{"width":1398.0,"height":2034.0},"padding":{"left":0.0,"top":0.0,"right":84.0,"bottom":34.0},"paddingAsymmetric":true,"viewInsets":{"left":0.0,"top":0.0,"right":0.0,"bottom":0.0},"viewPadding":{"left":0.0,"top":0.0,"right":84.0,"bottom":34.0},"displayFeatures":[],"orientation":"portrait","textScalerScaleOf14":14.0,"platformBrightness":"light","rootConstraints":{"minWidth":466.0,"maxWidth":466.0,"minHeight":678.0,"maxHeight":678.0},"lifecycle":{"state":"resumed","at":"2026-09-28T07:15:14.065814"},"portraitLocked":false}
Launching lib/main.dart on iPhone Duo in debug mode...
Running Xcode build...                                          
Xcode build done.                                            7.3s
[IMPORTANT:flutter/shell/platform/darwin/graphics/FlutterDarwinContextMetalImpeller.mm(45)] Using the Impeller rendering backend (Metal).
Plugin FoldablePlugin uses deprecated application lifecycle events. Please contact plugin maintainers and request UIScene lifecycle support. This will be required in a future version of Flutter. See https://docs.flutter.dev/release/breaking-changes/uiscenedelegate#migration-guide-for-flutter-plugins
Syncing files to device iPhone Duo...                               28ms
flutter: [DUO_PROBE] commandFile /Users/rcjuancarlosuwu/Library/Developer/CoreSimulator/Devices/AA16FBB4-F351-4AD9-BBF5-45562B10CFDD/data/Containers/Data/Application/EBE126D4-FA74-4BD6-A1C2-DA93229AEA96/tmp/duo_probe_command

Flutter run key commands.
r Hot reload. 🔥🔥🔥
R Hot restart.
h List all available interactive commands.
d Detach (terminate "flutter run" but leave application running).
c Clear the screen
q Quit (terminate the application on the device).

A Dart VM Service on iPhone Duo is available at: http://127.0.0.1:60918/aUcALH8zoZc=/
The Flutter DevTools debugger and profiler on iPhone Duo is available at: http://127.0.0.1:60918/aUcALH8zoZc=/devtools/?uri=ws://127.0.0.1:60918/aUcALH8zoZc=/ws
flutter: [DUO_PROBE] App.initState at 2026-09-28T07:18:42.197603
flutter: [DUO_PROBE] snapshot {"condition":"","rootBuilds":1,"size":{"width":466.0,"height":678.0},"devicePixelRatio":3.0,"physicalPixels":{"width":1398.0,"height":2034.0},"padding":{"left":0.0,"top":0.0,"right":84.0,"bottom":34.0},"paddingAsymmetric":true,"viewInsets":{"left":0.0,"top":0.0,"right":0.0,"bottom":0.0},"viewPadding":{"left":0.0,"top":0.0,"right":84.0,"bottom":34.0},"displayFeatures":[],"orientation":"portrait","textScalerScaleOf14":14.0,"platformBrightness":"light","rootConstraints":{"minWidth":466.0,"maxWidth":466.0,"minHeight":678.0,"maxHeight":678.0},"lifecycle":{"state":"none","at":"-"},"portraitLocked":false}
flutter: [DUO_PROBE] StatePage.initState instance=1 at 2026-09-28T07:18:42.409560
flutter: [DUO_PROBE] foldable connection=waiting isFoldable=null status=null angle=null regions=null
flutter: [DUO_PROBE] navbar "TabBar (in AppBar)" rendered 412.0 x 48.0 available=412.0 screenWidth=466.0 fillsAvailable=true
flutter: [DUO_PROBE] navbar "TabBar (bare)" rendered 412.0 x 48.0 available=412.0 screenWidth=466.0 fillsAvailable=true
flutter: [DUO_PROBE] navbar "NavigationBar (Material 3)" rendered 412.0 x 80.0 available=412.0 screenWidth=466.0 fillsAvailable=true
flutter: [DUO_PROBE] navbar "BottomNavigationBar (fixed)" rendered 412.0 x 58.0 available=412.0 screenWidth=466.0 fillsAvailable=true
flutter: [DUO_PROBE] didChangeMetrics at 2026-09-28T07:18:42.790372
-[WFIsolatedShortcutRunner init] Taking sandbox extensions for execution
-[WFIsolatedShortcutRunner init]_block_invoke Sandbox extensions acquired
flutter: [DUO_PROBE] lifecycle=resumed at 2026-09-28T07:18:43.304166
Indexing for request: <WFToolKitIndexingRequest: 0x10284c360>, changeset: .partial(updatedCount: 1 removedCount: 0 updated: ["com.example.duoProbe"], removed: [], provenance: [VoiceShortcutClient.ToolKitIndexingReason.Changeset.Provenance.launchServicesSnapshot(<LaunchServicesSnapshot uuid=6C9EF79B-ED3A-438C-B661-FB3201677F55, v=680)> ["com.apple.PassbookSecureUIService", "com.apple.siri.SiriCrisisAppIntentsExtension", "com.apple.SleepLockScreen", "com.apple.GuestUserHandoverSetup", "com.apple.Fitness.FitnessSettingsIntents", "com.apple.quicklook.UIExtension", "com.apple.ProximityReaderUIService", "com.apple.AdaptiveMusicApp", "com.apple.DocumentsApp.DocumentAppIntents", "com.apple.Home.HomeUIService", "com.apple.MusicUIService", "com.apple.icloud.apps.messages.business", "com.apple.siri.SiriNotebookAppIntentsExtension", "com.apple.PeopleViewService", "com.apple.MobileAddressBook.ContactsSettingsIntentsExtension", "com.apple.LocalAuthenticationUIService", "com.apple.calls.PhoneAppIntentsExtension", "com.apple.PassbookStub", "co<…>, priority: <decode: missing data>
flutter: [DUO_PROBE] snapshot {"condition":"","rootBuilds":2,"size":{"width":466.0,"height":678.0},"devicePixelRatio":3.0,"physicalPixels":{"width":1398.0,"height":2034.0},"padding":{"left":0.0,"top":0.0,"right":84.0,"bottom":34.0},"paddingAsymmetric":true,"viewInsets":{"left":0.0,"top":0.0,"right":0.0,"bottom":0.0},"viewPadding":{"left":0.0,"top":0.0,"right":84.0,"bottom":34.0},"displayFeatures":[],"orientation":"portrait","textScalerScaleOf14":14.0,"platformBrightness":"light","rootConstraints":{"minWidth":466.0,"maxWidth":466.0,"minHeight":678.0,"maxHeight":678.0},"lifecycle":{"state":"resumed","at":"2026-09-28T07:18:43.304166"},"portraitLocked":false}
flutter: [DUO_PROBE] foldable connection=active isFoldable=true status=closed angle=0.0 regions=2
Type indexing (params + content items) took 0.000089s
Action indexing took 0.000545s
Indexed: 0
Errored: 0
Skipped: [:]
Bundle cache: 0 hits, 0 misses
Finished in 0.366888s
-[WFIsolatedShortcutRunner unaliveProcess] Releasing sandbox extensions
flutter: [DUO_PROBE] didChangeMetrics at 2026-09-28T07:18:43.763630
flutter: [DUO_PROBE] command tab/5
flutter: [DUO_PROBE] didChangeMetrics at 2026-09-28T07:18:54.250981
flutter: [DUO_PROBE] command condition/20-nav-bars-outer
flutter: [DUO_PROBE] snapshot {"condition":"20-nav-bars-outer","rootBuilds":3,"size":{"width":466.0,"height":678.0},"devicePixelRatio":3.0,"physicalPixels":{"width":1398.0,"height":2034.0},"padding":{"left":0.0,"top":0.0,"right":84.0,"bottom":34.0},"paddingAsymmetric":true,"viewInsets":{"left":0.0,"top":0.0,"right":0.0,"bottom":0.0},"viewPadding":{"left":0.0,"top":0.0,"right":84.0,"bottom":34.0},"displayFeatures":[],"orientation":"portrait","textScalerScaleOf14":14.0,"platformBrightness":"light","rootConstraints":{"minWidth":466.0,"maxWidth":466.0,"minHeight":678.0,"maxHeight":678.0},"lifecycle":{"state":"resumed","at":"2026-09-28T07:18:43.304166"},"portraitLocked":false}
flutter: [DUO_PROBE] foldable connection=active isFoldable=true status=partiallyOpen angle=20.39651870727539 regions=2
flutter: [DUO_PROBE] foldable connection=active isFoldable=true status=partiallyOpen angle=174.3694305419922 regions=2
flutter: [DUO_PROBE] didChangeMetrics at 2026-09-28T07:19:25.579964
flutter: [DUO_PROBE] didChangeMetrics at 2026-09-28T07:19:25.580610
flutter: [DUO_PROBE] didChangeMetrics at 2026-09-28T07:19:25.595790
flutter: [DUO_PROBE] didChangeMetrics at 2026-09-28T07:19:25.608222
flutter: [DUO_PROBE] didChangeMetrics at 2026-09-28T07:19:25.610022
flutter: [DUO_PROBE] snapshot {"condition":"20-nav-bars-outer","rootBuilds":3,"size":{"width":951.0,"height":669.0},"devicePixelRatio":3.0,"physicalPixels":{"width":2853.0,"height":2007.0},"padding":{"left":0.0,"top":0.0,"right":84.0,"bottom":34.0},"paddingAsymmetric":true,"viewInsets":{"left":0.0,"top":0.0,"right":0.0,"bottom":0.0},"viewPadding":{"left":0.0,"top":0.0,"right":84.0,"bottom":34.0},"displayFeatures":[],"orientation":"landscape","textScalerScaleOf14":14.0,"platformBrightness":"light","rootConstraints":{"minWidth":951.0,"maxWidth":951.0,"minHeight":669.0,"maxHeight":669.0},"lifecycle":{"state":"resumed","at":"2026-09-28T07:18:43.304166"},"portraitLocked":false}
flutter: [DUO_PROBE] foldable connection=active isFoldable=true status=partiallyOpen angle=174.3694305419922 regions=2
flutter: [DUO_PROBE] navbar "TabBar (in AppBar)" rendered 897.0 x 48.0 available=897.0 screenWidth=951.0 fillsAvailable=true
flutter: [DUO_PROBE] navbar "TabBar (bare)" rendered 897.0 x 48.0 available=897.0 screenWidth=951.0 fillsAvailable=true
flutter: [DUO_PROBE] navbar "NavigationBar (Material 3)" rendered 897.0 x 80.0 available=897.0 screenWidth=951.0 fillsAvailable=true
flutter: [DUO_PROBE] navbar "BottomNavigationBar (fixed)" rendered 897.0 x 58.0 available=897.0 screenWidth=951.0 fillsAvailable=true
flutter: [DUO_PROBE] didChangeMetrics at 2026-09-28T07:19:25.702112
flutter: [DUO_PROBE] foldable connection=active isFoldable=true status=fullyOpen angle=180.0 regions=2
flutter: [DUO_PROBE] command tab/0
flutter: [DUO_PROBE] didChangeMetrics at 2026-09-28T07:19:37.040212
flutter: [DUO_PROBE] command tab/5
flutter: [DUO_PROBE] didChangeMetrics at 2026-09-28T07:19:40.235236
flutter: [DUO_PROBE] command condition/21-nav-bars-inner
flutter: [DUO_PROBE] snapshot {"condition":"21-nav-bars-inner","rootBuilds":4,"size":{"width":951.0,"height":669.0},"devicePixelRatio":3.0,"physicalPixels":{"width":2853.0,"height":2007.0},"padding":{"left":0.0,"top":0.0,"right":84.0,"bottom":34.0},"paddingAsymmetric":true,"viewInsets":{"left":0.0,"top":0.0,"right":0.0,"bottom":0.0},"viewPadding":{"left":0.0,"top":0.0,"right":84.0,"bottom":34.0},"displayFeatures":[],"orientation":"landscape","textScalerScaleOf14":14.0,"platformBrightness":"light","rootConstraints":{"minWidth":951.0,"maxWidth":951.0,"minHeight":669.0,"maxHeight":669.0},"lifecycle":{"state":"resumed","at":"2026-09-28T07:18:43.304166"},"portraitLocked":false}
Lost connection to device.
